Camera no,No,Filename,Date,Time,Species ,Distance 1,Angle 1,Distance 2,Angle 2,Distance 3,Angle 3
Cam 11,1,Cam 11/IMG_0001.JPG,1/12/2022,09:30PM,N/A,,,,,,
Cam 11,2,Cam 11/IMG_0002.JPG,1/12/2022,09:30PM,N/A,,,,,,
Cam 11,3,Cam 11/IMG_0003.JPG,1/12/2022,09:30PM,N/A,,,,,,
Cam 11,4,Cam 11/IMG_0004.JPG,1/12/2022,09:30PM,N/A,,,,,,
Cam 11,5,Cam 11/IMG_0005.JPG,1/12/2022,09:30PM,N/A,,,,,,
Cam 11,6,Cam 11/IMG_0006.JPG,1/12/2022,09:30PM,N/A,,,,,,
Cam 11,7,Cam 11/IMG_0007.JPG,1/12/2022,09:30PM,N/A,,,,,,
Cam 11,8,Cam 11/IMG_0008.JPG,1/12/2022,09:30PM,N/A,,,,,,
Cam 11,9,Cam 11/IMG_0009.JPG,1/12/2022,09:30PM,N/A,,,,,,
Cam 11,10,Cam 11/IMG_0010.JPG,1/12/2022,09:30PM,N/A,,,,,,
Cam 11,11,Cam 11/IMG_0011.JPG,1/12/2022,09:30PM,N/A,,,,,,
Cam 11,12,Cam 11/IMG_0012.JPG,1/12/2022,09:30PM,N/A,,,,,,
Cam 11,13,Cam 11/IMG_0013.JPG,1/12/2022,09:30PM,N/A,,,,,,
Cam 11,14,Cam 11/IMG_0014.JPG,1/12/2022,09:30PM,N/A,,,,,,
Cam 11,15,Cam 11/IMG_0015.JPG,1/12/2022,09:30PM,N/A,,,,,,
Cam 11,16,Cam 11/IMG_0016.JPG,1/12/2022,09:31PM,N/A,,,,,,
Cam 11,17,Cam 11/IMG_0017.JPG,1/12/2022,09:31PM,N/A,,,,,,
Cam 11,18,Cam 11/IMG_0018.JPG,1/12/2022,09:31PM,N/A,,,,,,
Cam 11,19,Cam 11/IMG_0019.JPG,1/12/2022,09:31PM,N/A,,,,,,
Cam 11,20,Cam 11/IMG_0020.JPG,1/12/2022,09:31PM,N/A,,,,,,
Cam 11,21,Cam 11/IMG_0021.JPG,1/12/2022,09:31PM,N/A,,,,,,
Cam 11,22,Cam 11/IMG_0022.JPG,1/12/2022,09:31PM,N/A,,,,,,
Cam 11,23,Cam 11/IMG_0023.JPG,1/12/2022,09:31PM,N/A,,,,,,
Cam 11,24,Cam 11/IMG_0024.JPG,1/12/2022,09:31PM,N/A,,,,,,
Cam 11,25,Cam 11/IMG_0025.JPG,1/12/2022,09:31PM,N/A,,,,,,
Cam 11,26,Cam 11/IMG_0026.JPG,1/12/2022,09:31PM,N/A,,,,,,
Cam 11,27,Cam 11/IMG_0027.JPG,1/12/2022,09:31PM,N/A,,,,,,
Cam 11,28,Cam 11/IMG_0028.JPG,1/12/2022,09:31PM,N/A,,,,,,
Cam 11,29,Cam 11/IMG_0029.JPG,1/12/2022,09:31PM,N/A,,,,,,
Cam 11,30,Cam 11/IMG_0030.JPG,1/12/2022,09:31PM,N/A,,,,,,
Cam 11,31,Cam 11/IMG_0031.JPG,1/12/2022,09:31PM,N/A,,,,,,
Cam 11,32,Cam 11/IMG_0032.JPG,1/12/2022,09:31PM,N/A,,,,,,
Cam 11,33,Cam 11/IMG_0033.JPG,1/12/2022,09:31PM,N/A,,,,,,
Cam 11,34,Cam 11/IMG_0034.JPG,1/12/2022,09:31PM,N/A,,,,,,
Cam 11,35,Cam 11/IMG_0035.JPG,1/12/2022,09:31PM,N/A,,,,,,
Cam 11,36,Cam 11/IMG_0036.JPG,1/12/2022,09:31PM,N/A,,,,,,
Cam 11,37,Cam 11/IMG_0037.JPG,1/12/2022,09:32PM,N/A,,,,,,
Cam 11,38,Cam 11/IMG_0038.JPG,1/12/2022,09:32PM,N/A,,,,,,
Cam 11,39,Cam 11/IMG_0039.JPG,1/12/2022,09:32PM,N/A,,,,,,
Cam 11,40,Cam 11/IMG_0040.JPG,1/12/2022,09:32PM,N/A,,,,,,
Cam 11,41,Cam 11/IMG_0041.JPG,1/12/2022,09:32PM,N/A,,,,,,
Cam 11,42,Cam 11/IMG_0042.JPG,1/12/2022,09:32PM,N/A,,,,,,
Cam 11,43,Cam 11/IMG_0043.JPG,1/12/2022,09:36PM,N/A,,,,,,
Cam 11,44,Cam 11/IMG_0044.JPG,1/12/2022,09:36PM,N/A,,,,,,
Cam 11,45,Cam 11/IMG_0045.JPG,1/12/2022,09:36PM,N/A,,,,,,
Cam 11,46,Cam 11/IMG_0046.JPG,1/12/2022,09:36PM,N/A,,,,,,
Cam 11,47,Cam 11/IMG_0047.JPG,1/12/2022,09:36PM,N/A,,,,,,
Cam 11,48,Cam 11/IMG_0048.JPG,1/12/2022,09:36PM,N/A,,,,,,
Cam 11,49,Cam 11/IMG_0049.JPG,1/12/2022,09:36PM,N/A,,,,,,
Cam 11,50,Cam 11/IMG_0050.JPG,1/12/2022,09:36PM,N/A,,,,,,
Cam 11,51,Cam 11/IMG_0051.JPG,1/12/2022,09:36PM,N/A,,,,,,
Cam 11,52,Cam 11/IMG_0052.JPG,1/12/2022,09:36PM,N/A,,,,,,
Cam 11,53,Cam 11/IMG_0053.JPG,1/12/2022,09:36PM,N/A,,,,,,
Cam 11,54,Cam 11/IMG_0054.JPG,1/12/2022,09:36PM,N/A,,,,,,
Cam 11,55,Cam 11/IMG_0055.JPG,1/12/2022,09:37PM,N/A,,,,,,
Cam 11,56,Cam 11/IMG_0056.JPG,1/12/2022,09:37PM,N/A,,,,,,
Cam 11,57,Cam 11/IMG_0057.JPG,1/12/2022,09:37PM,N/A,,,,,,
Cam 11,58,Cam 11/IMG_0058.JPG,1/12/2022,09:37PM,N/A,,,,,,
Cam 11,59,Cam 11/IMG_0059.JPG,1/12/2022,09:37PM,N/A,,,,,,
Cam 11,60,Cam 11/IMG_0060.JPG,1/12/2022,09:37PM,N/A,,,,,,
Cam 11,61,Cam 11/IMG_0061.JPG,1/12/2022,09:37PM,N/A,,,,,,
Cam 11,62,Cam 11/IMG_0062.JPG,1/12/2022,09:37PM,N/A,,,,,,
Cam 11,63,Cam 11/IMG_0063.JPG,1/12/2022,09:37PM,N/A,,,,,,
Cam 11,64,Cam 11/IMG_0064.JPG,1/12/2022,09:37PM,N/A,,,,,,
Cam 11,65,Cam 11/IMG_0065.JPG,1/12/2022,09:37PM,N/A,,,,,,
Cam 11,66,Cam 11/IMG_0066.JPG,1/12/2022,09:37PM,N/A,,,,,,
Cam 11,67,Cam 11/IMG_0067.JPG,1/12/2022,09:45PM,N/A,,,,,,
Cam 11,68,Cam 11/IMG_0068.JPG,1/12/2022,09:45PM,N/A,,,,,,
Cam 11,69,Cam 11/IMG_0069.JPG,1/12/2022,09:45PM,N/A,,,,,,
Cam 11,70,Cam 11/IMG_0070.JPG,1/12/2022,09:45PM,N/A,,,,,,
Cam 11,71,Cam 11/IMG_0071.JPG,1/12/2022,09:45PM,N/A,,,,,,
Cam 11,72,Cam 11/IMG_0072.JPG,1/12/2022,09:45PM,N/A,,,,,,
Cam 11,73,Cam 11/IMG_0073.JPG,12/01/2022.,09:45PM,N/A,,,,,,
Cam 11,74,Cam 11/IMG_0074.JPG,1/12/2022,09:45PM,N/A,,,,,,
Cam 11,75,Cam 11/IMG_0075.JPG,1/12/2022,09:45PM,N/A,,,,,,
Cam 11,76,Cam 11/IMG_0076.JPG,12/01/2022.,09:45PM,N/A,,,,,,
Cam 11,77,Cam 11/IMG_0077.JPG,1/12/2022,09:45PM,N/A,,,,,,
Cam 11,78,Cam 11/IMG_0078.JPG,12/01/2022.,09:45PM,N/A,,,,,,
Cam 11,79,Cam 11/IMG_0079.JPG,1/12/2022,09:46PM,N/A,,,,,,
Cam 11,80,Cam 11/IMG_0080.JPG,1/12/2022,09:46PM,N/A,,,,,,
Cam 11,81,Cam 11/IMG_0081.JPG,1/12/2022,09:46PM,N/A,,,,,,
Cam 11,82,Cam 11/IMG_0082.JPG,1/12/2022,09:46PM,N/A,,,,,,
Cam 11,83,Cam 11/IMG_0083.JPG,1/12/2022,09:46PM,N/A,,,,,,
Cam 11,84,Cam 11/IMG_0084.JPG,1/12/2022,09:46PM,N/A,,,,,,
Cam 11,85,Cam 11/IMG_0085.JPG,12/01/2022.,09:46PM,N/A,,,,,,
Cam 11,86,Cam 11/IMG_0086.JPG,1/12/2022,09:46PM,N/A,,,,,,
Cam 11,87,Cam 11/IMG_0087.JPG,1/12/2022,09:46PM,N/A,,,,,,
Cam 11,88,Cam 11/IMG_0088.JPG,12/01/2022.,09:46PM,N/A,,,,,,
Cam 11,89,Cam 11/IMG_0089.JPG,12/01/2022.,09:46PM,N/A,,,,,,
Cam 11,90,Cam 11/IMG_0090.JPG,1/12/2022,09:46PM,N/A,,,,,,
Cam 11,91,Cam 11/IMG_0091.JPG,1/12/2022,09:46PM,N/A,,,,,,
Cam 11,92,Cam 11/IMG_0092.JPG,1/12/2022,09:46PM,N/A,,,,,,
Cam 11,93,Cam 11/IMG_0093.JPG,1/12/2022,09:46PM,N/A,,,,,,
Cam 11,94,Cam 11/IMG_0094.JPG,1/12/2022,09:46PM,N/A,,,,,,
Cam 11,95,Cam 11/IMG_0095.JPG,1/12/2022,09:46PM,N/A,,,,,,
Cam 11,96,Cam 11/IMG_0096.JPG,1/12/2022,09:46PM,N/A,,,,,,
Cam 11,97,Cam 11/IMG_0097.JPG,1/12/2022,09:46PM,N/A,,,,,,
Cam 11,98,Cam 11/IMG_0098.JPG,1/12/2022,09:46PM,N/A,,,,,,
Cam 11,99,Cam 11/IMG_0099.JPG,1/12/2022,09:46PM,N/A,,,,,,
Cam 11,100,Cam 11/IMG_0100.JPG,1/12/2022,09:46PM,N/A,,,,,,
Cam 11,101,Cam 11/IMG_0101.JPG,1/12/2022,09:46PM,N/A,,,,,,
Cam 11,102,Cam 11/IMG_0102.JPG,1/12/2022,09:46PM,N/A,,,,,,
Cam 11,103,Cam 11/IMG_0103.JPG,1/12/2022,09:46PM,N/A,,,,,,
Cam 11,104,Cam 11/IMG_0104.JPG,1/12/2022,09:46PM,N/A,,,,,,
Cam 11,105,Cam 11/IMG_0105.JPG,1/12/2022,09:46PM,N/A,,,,,,
Cam 11,106,Cam 11/IMG_0106.JPG,1/12/2022,09:46PM,N/A,,,,,,
Cam 11,107,Cam 11/IMG_0107.JPG,1/12/2022,09:46PM,N/A,,,,,,
Cam 11,108,Cam 11/IMG_0108.JPG,1/12/2022,09:46PM,N/A,,,,,,
Cam 11,109,Cam 11/IMG_0109.JPG,1/12/2022,09:46PM,N/A,,,,,,
Cam 11,110,Cam 11/IMG_0110.JPG,1/12/2022,09:46PM,N/A,,,,,,
Cam 11,111,Cam 11/IMG_0111.JPG,1/12/2022,09:46PM,N/A,,,,,,
Cam 11,112,Cam 11/IMG_0112.JPG,1/12/2022,09:47PM,N/A,,,,,,
Cam 11,113,Cam 11/IMG_0113.JPG,1/12/2022,09:47PM,N/A,,,,,,
Cam 11,114,Cam 11/IMG_0114.JPG,1/12/2022,09:47PM,N/A,,,,,,
Cam 11,115,Cam 11/IMG_0115.JPG,1/12/2022,09:47PM,N/A,,,,,,
Cam 11,116,Cam 11/IMG_0116.JPG,1/12/2022,09:47PM,N/A,,,,,,
Cam 11,117,Cam 11/IMG_0117.JPG,1/12/2022,09:47PM,N/A,,,,,,
Cam 11,118,Cam 11/IMG_0118.JPG,1/12/2022,09:48PM,N/A,,,,,,
Cam 11,119,Cam 11/IMG_0119.JPG,1/12/2022,09:48PM,N/A,,,,,,
Cam 11,120,Cam 11/IMG_0120.JPG,1/12/2022,09:48PM,N/A,,,,,,
Cam 11,121,Cam 11/IMG_0121.JPG,1/12/2022,09:48PM,N/A,,,,,,
Cam 11,122,Cam 11/IMG_0122.JPG,1/12/2022,09:48PM,N/A,,,,,,
Cam 11,123,Cam 11/IMG_0123.JPG,1/12/2022,09:48PM,N/A,,,,,,
Cam 11,124,Cam 11/IMG_0124.JPG,1/12/2022,09:49PM,N/A,,,,,,
Cam 11,125,Cam 11/IMG_0125.JPG,1/12/2022,09:49PM,N/A,,,,,,
Cam 11,126,Cam 11/IMG_0126.JPG,1/12/2022,09:49PM,N/A,,,,,,
Cam 11,127,Cam 11/IMG_0127.JPG,1/12/2022,09:54PM,N/A,,,,,,
Cam 11,128,Cam 11/IMG_0128.JPG,1/12/2022,09:54PM,N/A,,,,,,
Cam 11,129,Cam 11/IMG_0129.JPG,1/12/2022,09:54PM,N/A,,,,,,
Cam 11,130,Cam 11/IMG_0130.JPG,1/12/2022,09:54PM,N/A,,,,,,
Cam 11,131,Cam 11/IMG_0131.JPG,1/12/2022,09:54PM,N/A,,,,,,
Cam 11,132,Cam 11/IMG_0132.JPG,1/12/2022,09:54PM,N/A,,,,,,
Cam 11,133,Cam 11/IMG_0133.JPG,1/12/2022,09:54PM,N/A,,,,,,
Cam 11,134,Cam 11/IMG_0134.JPG,1/12/2022,09:54PM,N/A,,,,,,
Cam 11,135,Cam 11/IMG_0135.JPG,1/12/2022,09:54PM,N/A,,,,,,
Cam 11,136,Cam 11/IMG_0136.JPG,1/12/2022,09:54PM,N/A,,,,,,
Cam 11,137,Cam 11/IMG_0137.JPG,1/12/2022,09:54PM,N/A,,,,,,
Cam 11,138,Cam 11/IMG_0138.JPG,1/12/2022,09:54PM,N/A,,,,,,
Cam 11,139,Cam 11/IMG_0139.JPG,1/12/2022,09:54PM,N/A,,,,,,
Cam 11,140,Cam 11/IMG_0140.JPG,1/12/2022,09:54PM,N/A,,,,,,
Cam 11,141,Cam 11/IMG_0141.JPG,1/12/2022,09:54PM,N/A,,,,,,
Cam 11,142,Cam 11/IMG_0142.JPG,1/12/2022,09:54PM,N/A,,,,,,
Cam 11,143,Cam 11/IMG_0143.JPG,1/12/2022,09:54PM,N/A,,,,,,
Cam 11,144,Cam 11/IMG_0144.JPG,1/12/2022,09:54PM,N/A,,,,,,
Cam 11,145,Cam 11/IMG_0145.JPG,1/12/2022,09:54PM,N/A,,,,,,
Cam 11,146,Cam 11/IMG_0146.JPG,1/12/2022,09:55PM,N/A,,,,,,
Cam 11,147,Cam 11/IMG_0147.JPG,1/12/2022,09:55PM,N/A,,,,,,
Cam 11,148,Cam 11/IMG_0148.JPG,12/01/2022.,09:55PM,N/A,,,,,,
Cam 11,149,Cam 11/IMG_0149.JPG,1/12/2022,09:55PM,N/A,,,,,,
Cam 11,150,Cam 11/IMG_0150.JPG,1/12/2022,09:55PM,N/A,,,,,,
Cam 11,151,Cam 11/IMG_0151.JPG,1/12/2022,09:55PM,N/A,,,,,,
Cam 11,152,Cam 11/IMG_0152.JPG,1/12/2022,09:55PM,N/A,,,,,,
Cam 11,153,Cam 11/IMG_0153.JPG,1/12/2022,09:55PM,N/A,,,,,,
Cam 11,154,Cam 11/IMG_0154.JPG,1/12/2022,09:55PM,N/A,,,,,,
Cam 11,155,Cam 11/IMG_0155.JPG,1/12/2022,09:55PM,N/A,,,,,,
Cam 11,156,Cam 11/IMG_0156.JPG,1/12/2022,09:55PM,N/A,,,,,,
Cam 11,157,Cam 11/IMG_0157.JPG,1/12/2022,09:55PM,N/A,,,,,,
Cam 11,158,Cam 11/IMG_0158.JPG,1/12/2022,09:55PM,N/A,,,,,,
Cam 11,159,Cam 11/IMG_0159.JPG,1/12/2022,09:55PM,N/A,,,,,,
Cam 11,160,Cam 11/IMG_0160.JPG,1/12/2022,09:55PM,N/A,,,,,,
Cam 11,161,Cam 11/IMG_0161.JPG,1/12/2022,09:55PM,N/A,,,,,,
Cam 11,162,Cam 11/IMG_0162.JPG,1/12/2022,09:55PM,N/A,,,,,,
Cam 11,163,Cam 11/IMG_0163.JPG,1/12/2022,09:55PM,N/A,,,,,,
Cam 11,164,Cam 11/IMG_0164.JPG,1/12/2022,09:55PM,N/A,,,,,,
Cam 11,165,Cam 11/IMG_0165.JPG,1/12/2022,09:55PM,N/A,,,,,,
Cam 11,166,Cam 11/IMG_0166.JPG,1/12/2022,09:55PM,N/A,,,,,,
Cam 11,167,Cam 11/IMG_0167.JPG,1/12/2022,09:55PM,N/A,,,,,,
Cam 11,168,Cam 11/IMG_0168.JPG,1/12/2022,09:55PM,N/A,,,,,,
Cam 11,169,Cam 11/IMG_0169.JPG,1/12/2022,09:55PM,N/A,,,,,,
Cam 11,170,Cam 11/IMG_0170.JPG,1/12/2022,09:55PM,N/A,,,,,,
Cam 11,171,Cam 11/IMG_0171.JPG,1/12/2022,09:55PM,N/A,,,,,,
Cam 11,172,Cam 11/IMG_0172.JPG,1/12/2022,09:55PM,N/A,,,,,,
Cam 11,173,Cam 11/IMG_0173.JPG,1/12/2022,09:55PM,N/A,,,,,,
Cam 11,174,Cam 11/IMG_0174.JPG,1/12/2022,09:55PM,N/A,,,,,,
Cam 11,175,Cam 11/IMG_0175.JPG,1/12/2022,09:55PM,N/A,,,,,,
Cam 11,176,Cam 11/IMG_0176.JPG,1/12/2022,09:55PM,N/A,,,,,,
Cam 11,177,Cam 11/IMG_0177.JPG,1/12/2022,09:55PM,N/A,,,,,,
Cam 11,178,Cam 11/IMG_0178.JPG,1/12/2022,09:55PM,N/A,,,,,,
Cam 11,179,Cam 11/IMG_0179.JPG,1/12/2022,09:55PM,N/A,,,,,,
Cam 11,180,Cam 11/IMG_0180.JPG,1/12/2022,09:55PM,N/A,,,,,,
Cam 11,181,Cam 11/IMG_0181.JPG,1/12/2022,09:55PM,N/A,,,,,,
Cam 11,182,Cam 11/IMG_0182.JPG,1/12/2022,09:55PM,N/A,,,,,,
Cam 11,183,Cam 11/IMG_0183.JPG,1/12/2022,09:55PM,N/A,,,,,,
Cam 11,184,Cam 11/IMG_0184.JPG,1/12/2022,09:55PM,N/A,,,,,,
Cam 11,185,Cam 11/IMG_0185.JPG,1/12/2022,09:55PM,N/A,,,,,,
Cam 11,186,Cam 11/IMG_0186.JPG,1/12/2022,09:55PM,N/A,,,,,,
Cam 11,187,Cam 11/IMG_0187.JPG,1/12/2022,09:55PM,N/A,,,,,,
Cam 11,188,Cam 11/IMG_0188.JPG,1/12/2022,09:55PM,N/A,,,,,,
Cam 11,189,Cam 11/IMG_0189.JPG,1/12/2022,09:55PM,N/A,,,,,,
Cam 11,190,Cam 11/IMG_0190.JPG,1/12/2022,09:55PM,N/A,,,,,,
Cam 11,191,Cam 11/IMG_0191.JPG,1/12/2022,09:55PM,N/A,,,,,,
Cam 11,192,Cam 11/IMG_0192.JPG,1/12/2022,09:55PM,N/A,,,,,,
Cam 11,193,Cam 11/IMG_0193.JPG,1/12/2022,09:55PM,N/A,,,,,,
Cam 11,194,Cam 11/IMG_0194.JPG,1/12/2022,09:55PM,N/A,,,,,,
Cam 11,195,Cam 11/IMG_0195.JPG,1/12/2022,09:55PM,N/A,,,,,,
Cam 11,196,Cam 11/IMG_0196.JPG,1/12/2022,09:55PM,N/A,,,,,,
Cam 11,197,Cam 11/IMG_0197.JPG,1/12/2022,09:55PM,N/A,,,,,,
Cam 11,198,Cam 11/IMG_0198.JPG,1/12/2022,09:55PM,N/A,,,,,,
Cam 11,199,Cam 11/IMG_0199.JPG,1/12/2022,09:55PM,N/A,,,,,,
Cam 11,200,Cam 11/IMG_0200.JPG,1/12/2022,09:55PM,N/A,,,,,,
Cam 11,201,Cam 11/IMG_0201.JPG,1/12/2022,09:55PM,N/A,,,,,,
Cam 11,202,Cam 11/IMG_0202.JPG,1/12/2022,09:55PM,N/A,,,,,,
Cam 11,203,Cam 11/IMG_0203.JPG,1/12/2022,09:55PM,N/A,,,,,,
Cam 11,204,Cam 11/IMG_0204.JPG,1/12/2022,09:55PM,N/A,,,,,,
Cam 11,205,Cam 11/IMG_0205.JPG,1/12/2022,09:55PM,N/A,,,,,,
Cam 11,206,Cam 11/IMG_0206.JPG,1/12/2022,09:55PM,N/A,,,,,,
Cam 11,207,Cam 11/IMG_0207.JPG,1/12/2022,09:55PM,N/A,,,,,,
Cam 11,208,Cam 11/IMG_0208.JPG,1/12/2022,09:55PM,N/A,,,,,,
Cam 11,209,Cam 11/IMG_0209.JPG,1/12/2022,09:55PM,N/A,,,,,,
Cam 11,210,Cam 11/IMG_0210.JPG,1/12/2022,09:55PM,N/A,,,,,,
Cam 11,211,Cam 11/IMG_0211.JPG,1/12/2022,09:55PM,N/A,,,,,,
Cam 11,212,Cam 11/IMG_0212.JPG,1/12/2022,09:55PM,N/A,,,,,,
Cam 11,213,Cam 11/IMG_0213.JPG,1/12/2022,09:55PM,N/A,,,,,,
Cam 11,214,Cam 11/IMG_0214.JPG,1/12/2022,09:55PM,N/A,,,,,,
Cam 11,215,Cam 11/IMG_0215.JPG,1/12/2022,09:55PM,N/A,,,,,,
Cam 11,216,Cam 11/IMG_0216.JPG,1/12/2022,09:55PM,N/A,,,,,,
Cam 11,217,Cam 11/IMG_0217.JPG,1/12/2022,09:55PM,N/A,,,,,,
Cam 11,218,Cam 11/IMG_0218.JPG,1/12/2022,09:55PM,N/A,,,,,,
Cam 11,219,Cam 11/IMG_0219.JPG,1/12/2022,09:55PM,N/A,,,,,,
Cam 11,220,Cam 11/IMG_0220.JPG,1/12/2022,09:55PM,N/A,,,,,,
Cam 11,221,Cam 11/IMG_0221.JPG,1/12/2022,09:55PM,N/A,,,,,,
Cam 11,222,Cam 11/IMG_0222.JPG,1/12/2022,09:55PM,N/A,,,,,,
Cam 11,223,Cam 11/IMG_0223.JPG,1/12/2022,09:56PM,N/A,,,,,,
Cam 11,224,Cam 11/IMG_0224.JPG,1/12/2022,09:56PM,N/A,,,,,,
Cam 11,225,Cam 11/IMG_0225.JPG,1/12/2022,09:56PM,N/A,,,,,,
Cam 11,226,Cam 11/IMG_0226.JPG,1/12/2022,09:56PM,N/A,,,,,,
Cam 11,227,Cam 11/IMG_0227.JPG,1/12/2022,09:56PM,N/A,,,,,,
Cam 11,228,Cam 11/IMG_0228.JPG,1/12/2022,09:56PM,N/A,,,,,,
Cam 11,229,Cam 11/IMG_0229.JPG,1/12/2022,09:56PM,N/A,,,,,,
Cam 11,230,Cam 11/IMG_0230.JPG,1/12/2022,09:56PM,N/A,,,,,,
Cam 11,231,Cam 11/IMG_0231.JPG,1/12/2022,09:56PM,N/A,,,,,,
Cam 11,232,Cam 11/IMG_0232.JPG,1/12/2022,09:56PM,N/A,,,,,,
Cam 11,233,Cam 11/IMG_0233.JPG,1/12/2022,09:56PM,N/A,,,,,,
Cam 11,234,Cam 11/IMG_0234.JPG,1/12/2022,09:56PM,N/A,,,,,,
Cam 11,235,Cam 11/IMG_0235.JPG,1/12/2022,09:56PM,N/A,,,,,,
Cam 11,236,Cam 11/IMG_0236.JPG,1/12/2022,09:56PM,N/A,,,,,,
Cam 11,237,Cam 11/IMG_0237.JPG,1/12/2022,09:56PM,N/A,,,,,,
Cam 11,238,Cam 11/IMG_0238.JPG,1/12/2022,09:56PM,N/A,,,,,,
Cam 11,239,Cam 11/IMG_0239.JPG,1/12/2022,09:56PM,N/A,,,,,,
Cam 11,240,Cam 11/IMG_0240.JPG,1/12/2022,09:56PM,N/A,,,,,,
Cam 11,241,Cam 11/IMG_0241.JPG,1/12/2022,09:56PM,N/A,,,,,,
Cam 11,242,Cam 11/IMG_0242.JPG,1/12/2022,09:56PM,N/A,,,,,,
Cam 11,243,Cam 11/IMG_0243.JPG,1/12/2022,09:56PM,N/A,,,,,,
Cam 11,244,Cam 11/IMG_0244.JPG,1/12/2022,09:56PM,N/A,,,,,,
Cam 11,245,Cam 11/IMG_0245.JPG,1/12/2022,09:56PM,N/A,,,,,,
Cam 11,246,Cam 11/IMG_0246.JPG,1/12/2022,09:56PM,N/A,,,,,,
Cam 11,247,Cam 11/IMG_0247.JPG,1/12/2022,09:56PM,N/A,,,,,,
Cam 11,248,Cam 11/IMG_0248.JPG,1/12/2022,09:56PM,N/A,,,,,,
Cam 11,249,Cam 11/IMG_0249.JPG,1/12/2022,09:56PM,N/A,,,,,,
Cam 11,250,Cam 11/IMG_0250.JPG,1/12/2022,09:56PM,N/A,,,,,,
Cam 11,251,Cam 11/IMG_0251.JPG,1/12/2022,09:56PM,N/A,,,,,,
Cam 11,252,Cam 11/IMG_0252.JPG,1/12/2022,09:56PM,N/A,,,,,,
Cam 11,253,Cam 11/IMG_0253.JPG,1/12/2022,09:56PM,N/A,,,,,,
Cam 11,254,Cam 11/IMG_0254.JPG,1/12/2022,09:56PM,N/A,,,,,,
Cam 11,255,Cam 11/IMG_0255.JPG,1/12/2022,09:56PM,N/A,,,,,,
Cam 11,256,Cam 11/IMG_0256.JPG,1/12/2022,09:59PM,N/A,,,,,,
Cam 11,257,Cam 11/IMG_0257.JPG,1/12/2022,09:59PM,N/A,,,,,,
Cam 11,258,Cam 11/IMG_0258.JPG,1/12/2022,09:59PM,N/A,,,,,,
Cam 11,259,Cam 11/IMG_0259.JPG,1/12/2022,11:15PM,N/A,,,,,,
Cam 11,260,Cam 11/IMG_0260.JPG,1/12/2022,11:15PM,N/A,,,,,,
Cam 11,261,Cam 11/IMG_0261.JPG,1/12/2022,11:15PM,N/A,,,,,,
Cam 11,262,Cam 11/IMG_0262.JPG,1/12/2022,11:15PM,N/A,,,,,,
Cam 11,263,Cam 11/IMG_0263.JPG,1/12/2022,11:15PM,N/A,,,,,,
Cam 11,264,Cam 11/IMG_0264.JPG,1/12/2022,11:15PM,N/A,,,,,,
Cam 11,265,Cam 11/IMG_0265.JPG,1/12/2022,11:15PM,N/A,,,,,,
Cam 11,266,Cam 11/IMG_0266.JPG,1/12/2022,11:15PM,N/A,,,,,,
Cam 11,267,Cam 11/IMG_0267.JPG,1/12/2022,11:15PM,N/A,,,,,,
Cam 11,268,Cam 11/IMG_0268.JPG,2/12/2022,08:06AM,N/A,,,,,,
Cam 11,269,Cam 11/IMG_0269.JPG,2/12/2022,08:06AM,N/A,,,,,,
Cam 11,270,Cam 11/IMG_0270.JPG,2/12/2022,08:06AM,N/A,,,,,,
Cam 11,271,Cam 11/IMG_0271.JPG,2/12/2022,08:06AM,N/A,,,,,,
Cam 11,272,Cam 11/IMG_0272.JPG,2/12/2022,08:06AM,N/A,,,,,,
Cam 11,273,Cam 11/IMG_0273.JPG,2/12/2022,08:06AM,N/A,,,,,,
Cam 11,274,Cam 11/IMG_0274.JPG,2/12/2022,08:06AM,N/A,,,,,,
Cam 11,275,Cam 11/IMG_0275.JPG,2/12/2022,08:06AM,N/A,,,,,,
Cam 11,276,Cam 11/IMG_0276.JPG,2/12/2022,08:06AM,N/A,,,,,,
Cam 11,277,Cam 11/IMG_0277.JPG,2/12/2022,08:06AM,N/A,,,,,,
Cam 11,278,Cam 11/IMG_0278.JPG,2/12/2022,08:06AM,N/A,,,,,,
Cam 11,279,Cam 11/IMG_0279.JPG,2/12/2022,08:06AM,N/A,,,,,,
Cam 11,280,Cam 11/IMG_0280.JPG,2/12/2022,08:06AM,N/A,,,,,,
Cam 11,281,Cam 11/IMG_0281.JPG,2/12/2022,08:06AM,N/A,,,,,,
Cam 11,282,Cam 11/IMG_0282.JPG,2/12/2022,08:06AM,N/A,,,,,,
Cam 11,283,Cam 11/IMG_0283.JPG,2/12/2022,08:06AM,N/A,,,,,,
Cam 11,284,Cam 11/IMG_0284.JPG,2/12/2022,08:06AM,N/A,,,,,,
Cam 11,285,Cam 11/IMG_0285.JPG,2/12/2022,08:06AM,N/A,,,,,,
Cam 11,286,Cam 11/IMG_0286.JPG,2/12/2022,08:06AM,N/A,,,,,,
Cam 11,287,Cam 11/IMG_0287.JPG,2/12/2022,08:06AM,N/A,,,,,,
Cam 11,288,Cam 11/IMG_0288.JPG,2/12/2022,08:06AM,N/A,,,,,,
Cam 11,289,Cam 11/IMG_0289.JPG,2/12/2022,08:07AM,N/A,,,,,,
Cam 11,290,Cam 11/IMG_0290.JPG,2/12/2022,08:07AM,N/A,,,,,,
Cam 11,291,Cam 11/IMG_0291.JPG,2/12/2022,08:07AM,N/A,,,,,,
Cam 11,292,Cam 11/IMG_0292.JPG,2/12/2022,08:07AM,N/A,,,,,,
Cam 11,293,Cam 11/IMG_0293.JPG,2/12/2022,08:07AM,N/A,,,,,,
Cam 11,294,Cam 11/IMG_0294.JPG,2/12/2022,08:07AM,N/A,,,,,,
Cam 11,295,Cam 11/IMG_0295.JPG,2/12/2022,08:07AM,N/A,,,,,,
Cam 11,296,Cam 11/IMG_0296.JPG,2/12/2022,08:07AM,N/A,,,,,,
Cam 11,297,Cam 11/IMG_0297.JPG,2/12/2022,08:07AM,N/A,,,,,,
Cam 11,298,Cam 11/IMG_0298.JPG,2/12/2022,08:07AM,N/A,,,,,,
Cam 11,299,Cam 11/IMG_0299.JPG,2/12/2022,08:07AM,N/A,,,,,,
Cam 11,300,Cam 11/IMG_0300.JPG,2/12/2022,08:07AM,N/A,,,,,,
Cam 11,301,Cam 11/IMG_0301.JPG,2/12/2022,08:07AM,N/A,,,,,,
Cam 11,302,Cam 11/IMG_0302.JPG,2/12/2022,08:07AM,N/A,,,,,,
Cam 11,303,Cam 11/IMG_0303.JPG,2/12/2022,08:07AM,N/A,,,,,,
Cam 11,304,Cam 11/IMG_0304.JPG,2/12/2022,08:07AM,N/A,,,,,,
Cam 11,305,Cam 11/IMG_0305.JPG,2/12/2022,08:07AM,N/A,,,,,,
Cam 11,306,Cam 11/IMG_0306.JPG,2/12/2022,08:07AM,N/A,,,,,,
Cam 11,307,Cam 11/IMG_0307.JPG,2/12/2022,08:07AM,N/A,,,,,,
Cam 11,308,Cam 11/IMG_0308.JPG,2/12/2022,08:07AM,N/A,,,,,,
Cam 11,309,Cam 11/IMG_0309.JPG,2/12/2022,08:07AM,N/A,,,,,,
Cam 11,310,Cam 11/IMG_0310.JPG,2/12/2022,08:07AM,N/A,,,,,,
Cam 11,311,Cam 11/IMG_0311.JPG,2/12/2022,08:07AM,N/A,,,,,,
Cam 11,312,Cam 11/IMG_0312.JPG,2/12/2022,08:07AM,N/A,,,,,,
Cam 11,313,Cam 11/IMG_0313.JPG,2/12/2022,08:07AM,N/A,,,,,,
Cam 11,314,Cam 11/IMG_0314.JPG,2/12/2022,08:07AM,N/A,,,,,,
Cam 11,315,Cam 11/IMG_0315.JPG,2/12/2022,08:07AM,N/A,,,,,,
Cam 11,316,Cam 11/IMG_0316.JPG,2/12/2022,08:07AM,N/A,,,,,,
Cam 11,317,Cam 11/IMG_0317.JPG,2/12/2022,08:07AM,N/A,,,,,,
Cam 11,318,Cam 11/IMG_0318.JPG,2/12/2022,08:07AM,N/A,,,,,,
Cam 11,319,Cam 11/IMG_0319.JPG,2/12/2022,08:07AM,N/A,,,,,,
Cam 11,320,Cam 11/IMG_0320.JPG,2/12/2022,08:07AM,N/A,,,,,,
Cam 11,321,Cam 11/IMG_0321.JPG,2/12/2022,08:07AM,N/A,,,,,,
Cam 11,322,Cam 11/IMG_0322.JPG,2/12/2022,08:07AM,N/A,,,,,,
Cam 11,323,Cam 11/IMG_0323.JPG,2/12/2022,08:07AM,N/A,,,,,,
Cam 11,324,Cam 11/IMG_0324.JPG,2/12/2022,08:07AM,N/A,,,,,,
Cam 11,325,Cam 11/IMG_0325.JPG,2/12/2022,08:07AM,N/A,,,,,,
Cam 11,326,Cam 11/IMG_0326.JPG,2/12/2022,08:07AM,N/A,,,,,,
Cam 11,327,Cam 11/IMG_0327.JPG,2/12/2022,08:07AM,N/A,,,,,,
Cam 11,328,Cam 11/IMG_0328.JPG,2/12/2022,08:07AM,N/A,,,,,,
Cam 11,329,Cam 11/IMG_0329.JPG,2/12/2022,08:07AM,N/A,,,,,,
Cam 11,330,Cam 11/IMG_0330.JPG,2/12/2022,08:07AM,N/A,,,,,,
Cam 11,331,Cam 11/IMG_0331.JPG,2/12/2022,08:07AM,N/A,,,,,,
Cam 11,332,Cam 11/IMG_0332.JPG,2/12/2022,08:07AM,N/A,,,,,,
Cam 11,333,Cam 11/IMG_0333.JPG,2/12/2022,08:07AM,N/A,,,,,,
Cam 11,334,Cam 11/IMG_0334.JPG,2/12/2022,08:07AM,N/A,,,,,,
Cam 11,335,Cam 11/IMG_0335.JPG,2/12/2022,08:07AM,N/A,,,,,,
Cam 11,336,Cam 11/IMG_0336.JPG,2/12/2022,08:07AM,N/A,,,,,,
Cam 11,337,Cam 11/IMG_0337.JPG,2/12/2022,08:07AM,N/A,,,,,,
Cam 11,338,Cam 11/IMG_0338.JPG,2/12/2022,08:07AM,N/A,,,,,,
Cam 11,339,Cam 11/IMG_0339.JPG,2/12/2022,08:07AM,N/A,,,,,,
Cam 11,340,Cam 11/IMG_0340.JPG,2/12/2022,08:07AM,N/A,,,,,,
Cam 11,341,Cam 11/IMG_0341.JPG,2/12/2022,08:07AM,N/A,,,,,,
Cam 11,342,Cam 11/IMG_0342.JPG,2/12/2022,08:07AM,N/A,,,,,,
Cam 11,343,Cam 11/IMG_0343.JPG,2/12/2022,08:08AM,N/A,,,,,,
Cam 11,344,Cam 11/IMG_0344.JPG,2/12/2022,08:08AM,N/A,,,,,,
Cam 11,345,Cam 11/IMG_0345.JPG,2/12/2022,08:08AM,N/A,,,,,,
Cam 11,346,Cam 11/IMG_0346.JPG,2/12/2022,08:08AM,N/A,,,,,,
Cam 11,347,Cam 11/IMG_0347.JPG,2/12/2022,08:08AM,N/A,,,,,,
Cam 11,348,Cam 11/IMG_0348.JPG,2/12/2022,08:08AM,N/A,,,,,,
Cam 11,349,Cam 11/IMG_0349.JPG,2/12/2022,08:08AM,N/A,,,,,,
Cam 11,350,Cam 11/IMG_0350.JPG,2/12/2022,08:08AM,N/A,,,,,,
Cam 11,351,Cam 11/IMG_0351.JPG,2/12/2022,08:08AM,N/A,,,,,,
Cam 11,352,Cam 11/IMG_0352.JPG,2/12/2022,08:08AM,N/A,,,,,,
Cam 11,353,Cam 11/IMG_0353.JPG,2/12/2022,08:08AM,N/A,,,,,,
Cam 11,354,Cam 11/IMG_0354.JPG,2/12/2022,08:08AM,N/A,,,,,,
Cam 11,355,Cam 11/IMG_0355.JPG,2/12/2022,08:08AM,N/A,,,,,,
Cam 11,356,Cam 11/IMG_0356.JPG,2/12/2022,08:08AM,N/A,,,,,,
Cam 11,357,Cam 11/IMG_0357.JPG,2/12/2022,08:08AM,N/A,,,,,,
Cam 11,358,Cam 11/IMG_0358.JPG,2/12/2022,08:08AM,N/A,,,,,,
Cam 11,359,Cam 11/IMG_0359.JPG,2/12/2022,08:08AM,N/A,,,,,,
Cam 11,360,Cam 11/IMG_0360.JPG,2/12/2022,08:08AM,N/A,,,,,,
Cam 11,361,Cam 11/IMG_0361.JPG,2/12/2022,08:08AM,N/A,,,,,,
Cam 11,362,Cam 11/IMG_0362.JPG,2/12/2022,08:08AM,N/A,,,,,,
Cam 11,363,Cam 11/IMG_0363.JPG,2/12/2022,08:08AM,N/A,,,,,,
Cam 11,364,Cam 11/IMG_0364.JPG,2/12/2022,08:08AM,N/A,,,,,,
Cam 11,365,Cam 11/IMG_0365.JPG,2/12/2022,08:08AM,N/A,,,,,,
Cam 11,366,Cam 11/IMG_0366.JPG,2/12/2022,08:08AM,N/A,,,,,,
Cam 11,367,Cam 11/IMG_0367.JPG,2/12/2022,08:08AM,N/A,,,,,,
Cam 11,368,Cam 11/IMG_0368.JPG,2/12/2022,08:08AM,N/A,,,,,,
Cam 11,369,Cam 11/IMG_0369.JPG,2/12/2022,08:08AM,N/A,,,,,,
Cam 11,370,Cam 11/IMG_0370.JPG,2/12/2022,08:08AM,N/A,,,,,,
Cam 11,371,Cam 11/IMG_0371.JPG,2/12/2022,08:08AM,N/A,,,,,,
Cam 11,372,Cam 11/IMG_0372.JPG,2/12/2022,08:08AM,N/A,,,,,,
Cam 11,373,Cam 11/IMG_0373.JPG,2/12/2022,08:08AM,N/A,,,,,,
Cam 11,374,Cam 11/IMG_0374.JPG,2/12/2022,08:08AM,N/A,,,,,,
Cam 11,375,Cam 11/IMG_0375.JPG,2/12/2022,08:08AM,N/A,,,,,,
Cam 11,376,Cam 11/IMG_0376.JPG,2/12/2022,08:08AM,N/A,,,,,,
Cam 11,377,Cam 11/IMG_0377.JPG,2/12/2022,08:08AM,N/A,,,,,,
Cam 11,378,Cam 11/IMG_0378.JPG,2/12/2022,08:08AM,N/A,,,,,,
Cam 11,379,Cam 11/IMG_0379.JPG,2/12/2022,08:08AM,N/A,,,,,,
Cam 11,380,Cam 11/IMG_0380.JPG,2/12/2022,08:08AM,N/A,,,,,,
Cam 11,381,Cam 11/IMG_0381.JPG,2/12/2022,08:08AM,N/A,,,,,,
Cam 11,382,Cam 11/IMG_0382.JPG,2/12/2022,08:08AM,N/A,,,,,,
Cam 11,383,Cam 11/IMG_0383.JPG,2/12/2022,08:08AM,N/A,,,,,,
Cam 11,384,Cam 11/IMG_0384.JPG,2/12/2022,08:08AM,N/A,,,,,,
Cam 11,385,Cam 11/IMG_0385.JPG,2/12/2022,08:08AM,N/A,,,,,,
Cam 11,386,Cam 11/IMG_0386.JPG,2/12/2022,08:08AM,N/A,,,,,,
Cam 11,387,Cam 11/IMG_0387.JPG,2/12/2022,08:08AM,N/A,,,,,,
Cam 11,388,Cam 11/IMG_0388.JPG,2/12/2022,08:08AM,N/A,,,,,,
Cam 11,389,Cam 11/IMG_0389.JPG,2/12/2022,08:08AM,N/A,,,,,,
Cam 11,390,Cam 11/IMG_0390.JPG,2/12/2022,08:08AM,N/A,,,,,,
Cam 11,391,Cam 11/IMG_0391.JPG,2/12/2022,08:08AM,N/A,,,,,,
Cam 11,392,Cam 11/IMG_0392.JPG,2/12/2022,08:08AM,N/A,,,,,,
Cam 11,393,Cam 11/IMG_0393.JPG,2/12/2022,08:08AM,N/A,,,,,,
Cam 11,394,Cam 11/IMG_0394.JPG,2/12/2022,08:08AM,N/A,,,,,,
Cam 11,395,Cam 11/IMG_0395.JPG,2/12/2022,08:08AM,N/A,,,,,,
Cam 11,396,Cam 11/IMG_0396.JPG,2/12/2022,08:08AM,N/A,,,,,,
Cam 11,397,Cam 11/IMG_0397.JPG,2/12/2022,08:08AM,N/A,,,,,,
Cam 11,398,Cam 11/IMG_0398.JPG,2/12/2022,08:08AM,N/A,,,,,,
Cam 11,399,Cam 11/IMG_0399.JPG,2/12/2022,08:08AM,N/A,,,,,,
Cam 11,400,Cam 11/IMG_0400.JPG,2/12/2022,08:08AM,N/A,,,,,,
Cam 11,401,Cam 11/IMG_0401.JPG,2/12/2022,08:08AM,N/A,,,,,,
Cam 11,402,Cam 11/IMG_0402.JPG,2/12/2022,08:08AM,N/A,,,,,,
Cam 11,403,Cam 11/IMG_0403.JPG,2/12/2022,08:08AM,N/A,,,,,,
Cam 11,404,Cam 11/IMG_0404.JPG,2/12/2022,08:08AM,N/A,,,,,,
Cam 11,405,Cam 11/IMG_0405.JPG,2/12/2022,08:08AM,N/A,,,,,,
Cam 11,406,Cam 11/IMG_0406.JPG,2/12/2022,08:08AM,N/A,,,,,,
Cam 11,407,Cam 11/IMG_0407.JPG,2/12/2022,08:08AM,N/A,,,,,,
Cam 11,408,Cam 11/IMG_0408.JPG,2/12/2022,08:08AM,N/A,,,,,,
Cam 11,409,Cam 11/IMG_0409.JPG,2/12/2022,08:09AM,N/A,,,,,,
Cam 11,410,Cam 11/IMG_0410.JPG,2/12/2022,08:09AM,N/A,,,,,,
Cam 11,411,Cam 11/IMG_0411.JPG,2/12/2022,08:09AM,N/A,,,,,,
Cam 11,412,Cam 11/IMG_0412.JPG,2/12/2022,08:09AM,N/A,,,,,,
Cam 11,413,Cam 11/IMG_0413.JPG,2/12/2022,08:09AM,N/A,,,,,,
Cam 11,414,Cam 11/IMG_0414.JPG,2/12/2022,08:09AM,N/A,,,,,,
Cam 11,415,Cam 11/IMG_0415.JPG,2/12/2022,08:09AM,N/A,,,,,,
Cam 11,416,Cam 11/IMG_0416.JPG,2/12/2022,08:09AM,N/A,,,,,,
Cam 11,417,Cam 11/IMG_0417.JPG,2/12/2022,08:09AM,N/A,,,,,,
Cam 11,418,Cam 11/IMG_0418.JPG,2/12/2022,08:09AM,N/A,,,,,,
Cam 11,419,Cam 11/IMG_0419.JPG,2/12/2022,08:09AM,N/A,,,,,,
Cam 11,420,Cam 11/IMG_0420.JPG,2/12/2022,08:09AM,N/A,,,,,,
Cam 11,421,Cam 11/IMG_0421.JPG,2/12/2022,08:09AM,N/A,,,,,,
Cam 11,422,Cam 11/IMG_0422.JPG,2/12/2022,08:09AM,N/A,,,,,,
Cam 11,423,Cam 11/IMG_0423.JPG,2/12/2022,08:09AM,N/A,,,,,,
Cam 11,424,Cam 11/IMG_0424.JPG,2/12/2022,08:09AM,N/A,,,,,,
Cam 11,425,Cam 11/IMG_0425.JPG,2/12/2022,08:09AM,N/A,,,,,,
Cam 11,426,Cam 11/IMG_0426.JPG,2/12/2022,08:09AM,N/A,,,,,,
Cam 11,427,Cam 11/IMG_0427.JPG,2/12/2022,08:09AM,N/A,,,,,,
Cam 11,428,Cam 11/IMG_0428.JPG,2/12/2022,08:09AM,N/A,,,,,,
Cam 11,429,Cam 11/IMG_0429.JPG,2/12/2022,08:09AM,N/A,,,,,,
Cam 11,430,Cam 11/IMG_0430.JPG,2/12/2022,08:09AM,N/A,,,,,,
Cam 11,431,Cam 11/IMG_0431.JPG,2/12/2022,08:09AM,N/A,,,,,,
Cam 11,432,Cam 11/IMG_0432.JPG,2/12/2022,08:09AM,N/A,,,,,,
Cam 11,433,Cam 11/IMG_0433.JPG,2/12/2022,08:09AM,N/A,,,,,,
Cam 11,434,Cam 11/IMG_0434.JPG,2/12/2022,08:09AM,N/A,,,,,,
Cam 11,435,Cam 11/IMG_0435.JPG,2/12/2022,08:09AM,N/A,,,,,,
Cam 11,436,Cam 11/IMG_0436.JPG,2/12/2022,08:09AM,N/A,,,,,,
Cam 11,437,Cam 11/IMG_0437.JPG,2/12/2022,08:09AM,N/A,,,,,,
Cam 11,438,Cam 11/IMG_0438.JPG,2/12/2022,08:09AM,N/A,,,,,,
Cam 11,439,Cam 11/IMG_0439.JPG,2/12/2022,08:09AM,N/A,,,,,,
Cam 11,440,Cam 11/IMG_0440.JPG,2/12/2022,08:09AM,N/A,,,,,,
Cam 11,441,Cam 11/IMG_0441.JPG,2/12/2022,08:09AM,N/A,,,,,,
Cam 11,442,Cam 11/IMG_0442.JPG,2/12/2022,08:09AM,N/A,,,,,,
Cam 11,443,Cam 11/IMG_0443.JPG,2/12/2022,08:09AM,N/A,,,,,,
Cam 11,444,Cam 11/IMG_0444.JPG,2/12/2022,08:09AM,N/A,,,,,,
Cam 11,445,Cam 11/IMG_0445.JPG,2/12/2022,08:09AM,N/A,,,,,,
Cam 11,446,Cam 11/IMG_0446.JPG,2/12/2022,08:09AM,N/A,,,,,,
Cam 11,447,Cam 11/IMG_0447.JPG,2/12/2022,08:09AM,N/A,,,,,,
Cam 11,448,Cam 11/IMG_0448.JPG,2/12/2022,08:10AM,N/A,,,,,,
Cam 11,449,Cam 11/IMG_0449.JPG,2/12/2022,08:10AM,N/A,,,,,,
Cam 11,450,Cam 11/IMG_0450.JPG,2/12/2022,08:10AM,N/A,,,,,,
Cam 11,451,Cam 11/IMG_0451.JPG,2/12/2022,08:10AM,N/A,,,,,,
Cam 11,452,Cam 11/IMG_0452.JPG,2/12/2022,08:10AM,N/A,,,,,,
Cam 11,453,Cam 11/IMG_0453.JPG,2/12/2022,08:10AM,N/A,,,,,,
Cam 11,454,Cam 11/IMG_0454.JPG,2/12/2022,08:10AM,N/A,,,,,,
Cam 11,455,Cam 11/IMG_0455.JPG,2/12/2022,08:10AM,N/A,,,,,,
Cam 11,456,Cam 11/IMG_0456.JPG,2/12/2022,08:10AM,N/A,,,,,,
Cam 11,457,Cam 11/IMG_0457.JPG,2/12/2022,08:10AM,N/A,,,,,,
Cam 11,458,Cam 11/IMG_0458.JPG,2/12/2022,08:10AM,N/A,,,,,,
Cam 11,459,Cam 11/IMG_0459.JPG,2/12/2022,08:10AM,N/A,,,,,,
Cam 11,460,Cam 11/IMG_0460.JPG,2/12/2022,08:10AM,N/A,,,,,,
Cam 11,461,Cam 11/IMG_0461.JPG,2/12/2022,08:10AM,N/A,,,,,,
Cam 11,462,Cam 11/IMG_0462.JPG,2/12/2022,08:10AM,N/A,,,,,,
Cam 11,463,Cam 11/IMG_0463.JPG,2/12/2022,08:10AM,N/A,,,,,,
Cam 11,464,Cam 11/IMG_0464.JPG,2/12/2022,08:10AM,N/A,,,,,,
Cam 11,465,Cam 11/IMG_0465.JPG,2/12/2022,08:10AM,N/A,,,,,,
Cam 11,466,Cam 11/IMG_0466.JPG,2/12/2022,08:10AM,N/A,,,,,,
Cam 11,467,Cam 11/IMG_0467.JPG,2/12/2022,08:10AM,N/A,,,,,,
Cam 11,468,Cam 11/IMG_0468.JPG,2/12/2022,08:10AM,N/A,,,,,,
Cam 11,469,Cam 11/IMG_0469.JPG,2/12/2022,08:12AM,N/A,,,,,,
Cam 11,470,Cam 11/IMG_0470.JPG,2/12/2022,08:12AM,N/A,,,,,,
Cam 11,471,Cam 11/IMG_0471.JPG,2/12/2022,08:12AM,N/A,,,,,,
Cam 11,472,Cam 11/IMG_0472.JPG,2/12/2022,08:12AM,N/A,,,,,,
Cam 11,473,Cam 11/IMG_0473.JPG,2/12/2022,08:12AM,N/A,,,,,,
Cam 11,474,Cam 11/IMG_0474.JPG,2/12/2022,08:12AM,N/A,,,,,,
Cam 11,475,Cam 11/IMG_0475.JPG,2/12/2022,08:12AM,N/A,,,,,,
Cam 11,476,Cam 11/IMG_0476.JPG,2/12/2022,08:12AM,N/A,,,,,,
Cam 11,477,Cam 11/IMG_0477.JPG,2/12/2022,08:12AM,N/A,,,,,,
Cam 11,478,Cam 11/IMG_0478.JPG,2/12/2022,08:12AM,N/A,,,,,,
Cam 11,479,Cam 11/IMG_0479.JPG,2/12/2022,08:12AM,N/A,,,,,,
Cam 11,480,Cam 11/IMG_0480.JPG,2/12/2022,08:12AM,N/A,,,,,,
Cam 11,481,Cam 11/IMG_0481.JPG,2/12/2022,08:12AM,N/A,,,,,,
Cam 11,482,Cam 11/IMG_0482.JPG,2/12/2022,08:12AM,N/A,,,,,,
Cam 11,483,Cam 11/IMG_0483.JPG,2/12/2022,08:12AM,N/A,,,,,,
Cam 11,484,Cam 11/IMG_0484.JPG,2/12/2022,08:12AM,N/A,,,,,,
Cam 11,485,Cam 11/IMG_0485.JPG,2/12/2022,08:12AM,N/A,,,,,,
Cam 11,486,Cam 11/IMG_0486.JPG,2/12/2022,08:12AM,N/A,,,,,,
Cam 11,487,Cam 11/IMG_0487.JPG,2/12/2022,08:13AM,N/A,,,,,,
Cam 11,488,Cam 11/IMG_0488.JPG,2/12/2022,08:13AM,N/A,,,,,,
Cam 11,489,Cam 11/IMG_0489.JPG,2/12/2022,08:13AM,N/A,,,,,,
Cam 11,490,Cam 11/IMG_0490.JPG,2/12/2022,08:13AM,N/A,,,,,,
Cam 11,491,Cam 11/IMG_0491.JPG,2/12/2022,08:13AM,N/A,,,,,,
Cam 11,492,Cam 11/IMG_0492.JPG,2/12/2022,08:13AM,N/A,,,,,,
Cam 11,493,Cam 11/IMG_0493.JPG,2/12/2022,08:13AM,N/A,,,,,,
Cam 11,494,Cam 11/IMG_0494.JPG,2/12/2022,08:14AM,N/A,,,,,,
Cam 11,495,Cam 11/IMG_0495.JPG,2/12/2022,08:14AM,N/A,,,,,,
Cam 11,496,Cam 11/IMG_0496.JPG,2/12/2022,08:14AM,N/A,,,,,,
Cam 11,497,Cam 11/IMG_0497.JPG,2/12/2022,08:14AM,N/A,,,,,,
Cam 11,498,Cam 11/IMG_0498.JPG,2/12/2022,08:14AM,N/A,,,,,,
Cam 11,499,Cam 11/IMG_0499.JPG,2/12/2022,08:14AM,N/A,,,,,,
Cam 11,500,Cam 11/IMG_0500.JPG,2/12/2022,08:14AM,N/A,,,,,,
Cam 11,501,Cam 11/IMG_0501.JPG,2/12/2022,08:14AM,N/A,,,,,,
Cam 11,502,Cam 11/IMG_0502.JPG,2/12/2022,08:14AM,N/A,,,,,,
Cam 11,503,Cam 11/IMG_0503.JPG,2/12/2022,08:14AM,N/A,,,,,,
Cam 11,504,Cam 11/IMG_0504.JPG,2/12/2022,08:14AM,N/A,,,,,,
Cam 11,505,Cam 11/IMG_0505.JPG,2/12/2022,08:14AM,N/A,,,,,,
Cam 11,506,Cam 11/IMG_0506.JPG,2/12/2022,08:14AM,N/A,,,,,,
Cam 11,507,Cam 11/IMG_0507.JPG,2/12/2022,08:14AM,N/A,,,,,,
Cam 11,508,Cam 11/IMG_0508.JPG,2/12/2022,08:14AM,N/A,,,,,,
Cam 11,509,Cam 11/IMG_0509.JPG,2/12/2022,08:14AM,N/A,,,,,,
Cam 11,510,Cam 11/IMG_0510.JPG,2/12/2022,08:14AM,N/A,,,,,,
Cam 11,511,Cam 11/IMG_0511.JPG,2/12/2022,08:14AM,N/A,,,,,,
Cam 11,512,Cam 11/IMG_0512.JPG,2/12/2022,08:14AM,N/A,,,,,,
Cam 11,513,Cam 11/IMG_0513.JPG,2/12/2022,08:14AM,N/A,,,,,,
Cam 11,514,Cam 11/IMG_0514.JPG,2/12/2022,08:14AM,N/A,,,,,,
Cam 11,515,Cam 11/IMG_0515.JPG,2/12/2022,08:14AM,N/A,,,,,,
Cam 11,516,Cam 11/IMG_0516.JPG,2/12/2022,08:14AM,N/A,,,,,,
Cam 11,517,Cam 11/IMG_0517.JPG,2/12/2022,08:14AM,N/A,,,,,,
Cam 11,518,Cam 11/IMG_0518.JPG,2/12/2022,08:14AM,N/A,,,,,,
Cam 11,519,Cam 11/IMG_0519.JPG,2/12/2022,08:14AM,N/A,,,,,,
Cam 11,520,Cam 11/IMG_0520.JPG,2/12/2022,08:14AM,N/A,,,,,,
Cam 11,521,Cam 11/IMG_0521.JPG,2/12/2022,08:14AM,N/A,,,,,,
Cam 11,522,Cam 11/IMG_0522.JPG,2/12/2022,08:14AM,N/A,,,,,,
Cam 11,523,Cam 11/IMG_0523.JPG,2/12/2022,08:15AM,N/A,,,,,,
Cam 11,524,Cam 11/IMG_0524.JPG,2/12/2022,08:15AM,N/A,,,,,,
Cam 11,525,Cam 11/IMG_0525.JPG,2/12/2022,08:15AM,N/A,,,,,,
Cam 11,526,Cam 11/IMG_0526.JPG,2/12/2022,08:15AM,N/A,,,,,,
Cam 11,527,Cam 11/IMG_0527.JPG,2/12/2022,08:15AM,N/A,,,,,,
Cam 11,528,Cam 11/IMG_0528.JPG,2/12/2022,08:15AM,N/A,,,,,,
Cam 11,529,Cam 11/IMG_0529.JPG,2/12/2022,08:15AM,N/A,,,,,,
Cam 11,530,Cam 11/IMG_0530.JPG,2/12/2022,08:15AM,N/A,,,,,,
Cam 11,531,Cam 11/IMG_0531.JPG,2/12/2022,08:15AM,N/A,,,,,,
Cam 11,532,Cam 11/IMG_0532.JPG,2/12/2022,08:17AM,N/A,,,,,,
Cam 11,533,Cam 11/IMG_0533.JPG,2/12/2022,08:17AM,N/A,,,,,,
Cam 11,534,Cam 11/IMG_0534.JPG,2/12/2022,08:17AM,N/A,,,,,,
Cam 11,535,Cam 11/IMG_0535.JPG,2/12/2022,08:18AM,N/A,,,,,,
Cam 11,536,Cam 11/IMG_0536.JPG,2/12/2022,08:18AM,N/A,,,,,,
Cam 11,537,Cam 11/IMG_0537.JPG,2/12/2022,08:18AM,N/A,,,,,,
Cam 11,538,Cam 11/IMG_0538.JPG,2/12/2022,08:18AM,N/A,,,,,,
Cam 11,539,Cam 11/IMG_0539.JPG,2/12/2022,08:18AM,N/A,,,,,,
Cam 11,540,Cam 11/IMG_0540.JPG,2/12/2022,08:18AM,N/A,,,,,,
Cam 11,541,Cam 11/IMG_0541.JPG,2/12/2022,08:20AM,N/A,,,,,,
Cam 11,542,Cam 11/IMG_0542.JPG,2/12/2022,08:20AM,N/A,,,,,,
Cam 11,543,Cam 11/IMG_0543.JPG,2/12/2022,08:20AM,N/A,,,,,,
Cam 11,544,Cam 11/IMG_0544.JPG,2/12/2022,08:20AM,N/A,,,,,,
Cam 11,545,Cam 11/IMG_0545.JPG,2/12/2022,08:20AM,N/A,,,,,,
Cam 11,546,Cam 11/IMG_0546.JPG,2/12/2022,08:20AM,N/A,,,,,,
Cam 11,547,Cam 11/IMG_0547.JPG,2/12/2022,08:20AM,N/A,,,,,,
Cam 11,548,Cam 11/IMG_0548.JPG,2/12/2022,08:20AM,N/A,,,,,,
Cam 11,549,Cam 11/IMG_0549.JPG,2/12/2022,08:20AM,N/A,,,,,,
Cam 11,550,Cam 11/IMG_0550.JPG,2/12/2022,08:20AM,N/A,,,,,,
Cam 11,551,Cam 11/IMG_0551.JPG,2/12/2022,08:20AM,N/A,,,,,,
Cam 11,552,Cam 11/IMG_0552.JPG,2/12/2022,08:20AM,N/A,,,,,,
Cam 11,553,Cam 11/IMG_0553.JPG,2/12/2022,08:20AM,N/A,,,,,,
Cam 11,554,Cam 11/IMG_0554.JPG,2/12/2022,08:20AM,N/A,,,,,,
Cam 11,555,Cam 11/IMG_0555.JPG,2/12/2022,08:20AM,N/A,,,,,,
Cam 11,556,Cam 11/IMG_0556.JPG,2/12/2022,08:20AM,N/A,,,,,,
Cam 11,557,Cam 11/IMG_0557.JPG,2/12/2022,08:20AM,N/A,,,,,,
Cam 11,558,Cam 11/IMG_0558.JPG,2/12/2022,08:20AM,N/A,,,,,,
Cam 11,559,Cam 11/IMG_0559.JPG,2/12/2022,08:20AM,N/A,,,,,,
Cam 11,560,Cam 11/IMG_0560.JPG,2/12/2022,08:20AM,N/A,,,,,,
Cam 11,561,Cam 11/IMG_0561.JPG,2/12/2022,08:20AM,N/A,,,,,,
Cam 11,562,Cam 11/IMG_0562.JPG,2/12/2022,08:30AM,N/A,,,,,,
Cam 11,563,Cam 11/IMG_0563.JPG,2/12/2022,08:30AM,N/A,,,,,,
Cam 11,564,Cam 11/IMG_0564.JPG,2/12/2022,08:30AM,N/A,,,,,,
Cam 11,565,Cam 11/IMG_0565.JPG,2/12/2022,09:05AM,N/A,,,,,,
Cam 11,566,Cam 11/IMG_0566.JPG,2/12/2022,09:05AM,N/A,,,,,,
Cam 11,567,Cam 11/IMG_0567.JPG,2/12/2022,09:05AM,N/A,,,,,,
Cam 11,568,Cam 11/IMG_0568.JPG,2/12/2022,09:05AM,N/A,,,,,,
Cam 11,569,Cam 11/IMG_0569.JPG,2/12/2022,09:05AM,N/A,,,,,,
Cam 11,570,Cam 11/IMG_0570.JPG,2/12/2022,09:05AM,N/A,,,,,,
Cam 11,571,Cam 11/IMG_0571.JPG,2/12/2022,09:06AM,N/A,,,,,,
Cam 11,572,Cam 11/IMG_0572.JPG,2/12/2022,09:06AM,N/A,,,,,,
Cam 11,573,Cam 11/IMG_0573.JPG,2/12/2022,09:06AM,N/A,,,,,,
Cam 11,574,Cam 11/IMG_0574.JPG,2/12/2022,09:06AM,N/A,,,,,,
Cam 11,575,Cam 11/IMG_0575.JPG,2/12/2022,09:06AM,N/A,,,,,,
Cam 11,576,Cam 11/IMG_0576.JPG,2/12/2022,09:06AM,N/A,,,,,,
Cam 11,577,Cam 11/IMG_0577.JPG,2/12/2022,09:09AM,N/A,,,,,,
Cam 11,578,Cam 11/IMG_0578.JPG,2/12/2022,09:09AM,N/A,,,,,,
Cam 11,579,Cam 11/IMG_0579.JPG,2/12/2022,09:09AM,N/A,,,,,,
Cam 11,580,Cam 11/IMG_0580.JPG,2/12/2022,09:09AM,N/A,,,,,,
Cam 11,581,Cam 11/IMG_0581.JPG,2/12/2022,09:09AM,N/A,,,,,,
Cam 11,582,Cam 11/IMG_0582.JPG,2/12/2022,09:09AM,N/A,,,,,,
Cam 11,583,Cam 11/IMG_0583.JPG,2/12/2022,09:09AM,N/A,,,,,,
Cam 11,584,Cam 11/IMG_0584.JPG,2/12/2022,09:09AM,N/A,,,,,,
Cam 11,585,Cam 11/IMG_0585.JPG,2/12/2022,09:09AM,N/A,,,,,,
Cam 11,586,Cam 11/IMG_0586.JPG,2/12/2022,09:09AM,N/A,,,,,,
Cam 11,587,Cam 11/IMG_0587.JPG,2/12/2022,09:09AM,N/A,,,,,,
Cam 11,588,Cam 11/IMG_0588.JPG,2/12/2022,09:09AM,N/A,,,,,,
Cam 11,589,Cam 11/IMG_0589.JPG,2/12/2022,09:09AM,N/A,,,,,,
Cam 11,590,Cam 11/IMG_0590.JPG,2/12/2022,09:09AM,N/A,,,,,,
Cam 11,591,Cam 11/IMG_0591.JPG,2/12/2022,09:09AM,N/A,,,,,,
Cam 11,592,Cam 11/IMG_0592.JPG,2/12/2022,09:09AM,N/A,,,,,,
Cam 11,593,Cam 11/IMG_0593.JPG,2/12/2022,09:09AM,N/A,,,,,,
Cam 11,594,Cam 11/IMG_0594.JPG,2/12/2022,09:09AM,N/A,,,,,,
Cam 11,595,Cam 11/IMG_0595.JPG,2/12/2022,09:09AM,N/A,,,,,,
Cam 11,596,Cam 11/IMG_0596.JPG,2/12/2022,09:09AM,N/A,,,,,,
Cam 11,597,Cam 11/IMG_0597.JPG,2/12/2022,09:09AM,N/A,,,,,,
Cam 11,598,Cam 11/IMG_0598.JPG,2/12/2022,09:09AM,N/A,,,,,,
Cam 11,599,Cam 11/IMG_0599.JPG,2/12/2022,09:09AM,N/A,,,,,,
Cam 11,600,Cam 11/IMG_0600.JPG,2/12/2022,09:09AM,N/A,,,,,,
Cam 11,601,Cam 11/IMG_0601.JPG,2/12/2022,09:10AM,N/A,,,,,,
Cam 11,602,Cam 11/IMG_0602.JPG,2/12/2022,09:10AM,N/A,,,,,,
Cam 11,603,Cam 11/IMG_0603.JPG,2/12/2022,09:10AM,N/A,,,,,,
Cam 11,604,Cam 11/IMG_0604.JPG,2/12/2022,09:10AM,N/A,,,,,,
Cam 11,605,Cam 11/IMG_0605.JPG,2/12/2022,09:10AM,N/A,,,,,,
Cam 11,606,Cam 11/IMG_0606.JPG,2/12/2022,09:10AM,N/A,,,,,,
Cam 11,607,Cam 11/IMG_0607.JPG,2/12/2022,09:10AM,N/A,,,,,,
Cam 11,608,Cam 11/IMG_0608.JPG,2/12/2022,09:10AM,N/A,,,,,,
Cam 11,609,Cam 11/IMG_0609.JPG,2/12/2022,09:10AM,N/A,,,,,,
Cam 11,610,Cam 11/IMG_0610.JPG,2/12/2022,09:10AM,N/A,,,,,,
Cam 11,611,Cam 11/IMG_0611.JPG,2/12/2022,09:10AM,N/A,,,,,,
Cam 11,612,Cam 11/IMG_0612.JPG,2/12/2022,09:10AM,N/A,,,,,,
Cam 11,613,Cam 11/IMG_0613.JPG,2/12/2022,09:10AM,N/A,,,,,,
Cam 11,614,Cam 11/IMG_0614.JPG,2/12/2022,09:10AM,N/A,,,,,,
Cam 11,615,Cam 11/IMG_0615.JPG,2/12/2022,09:10AM,N/A,,,,,,
Cam 11,616,Cam 11/IMG_0616.JPG,2/12/2022,09:10AM,N/A,,,,,,
Cam 11,617,Cam 11/IMG_0617.JPG,2/12/2022,09:10AM,N/A,,,,,,
Cam 11,618,Cam 11/IMG_0618.JPG,2/12/2022,09:10AM,N/A,,,,,,
Cam 11,619,Cam 11/IMG_0619.JPG,2/12/2022,09:10AM,N/A,,,,,,
Cam 11,620,Cam 11/IMG_0620.JPG,2/12/2022,09:10AM,N/A,,,,,,
Cam 11,621,Cam 11/IMG_0621.JPG,2/12/2022,09:10AM,N/A,,,,,,
Cam 11,622,Cam 11/IMG_0622.JPG,2/12/2022,09:10AM,N/A,,,,,,
Cam 11,623,Cam 11/IMG_0623.JPG,2/12/2022,09:10AM,N/A,,,,,,
Cam 11,624,Cam 11/IMG_0624.JPG,2/12/2022,09:10AM,N/A,,,,,,
Cam 11,625,Cam 11/IMG_0625.JPG,2/12/2022,09:10AM,N/A,,,,,,
Cam 11,626,Cam 11/IMG_0626.JPG,2/12/2022,09:10AM,N/A,,,,,,
Cam 11,627,Cam 11/IMG_0627.JPG,2/12/2022,09:10AM,N/A,,,,,,
Cam 11,628,Cam 11/IMG_0628.JPG,2/12/2022,09:10AM,N/A,,,,,,
Cam 11,629,Cam 11/IMG_0629.JPG,2/12/2022,09:10AM,N/A,,,,,,
Cam 11,630,Cam 11/IMG_0630.JPG,2/12/2022,09:10AM,N/A,,,,,,
Cam 11,631,Cam 11/IMG_0631.JPG,2/12/2022,09:10AM,N/A,,,,,,
Cam 11,632,Cam 11/IMG_0632.JPG,2/12/2022,09:10AM,N/A,,,,,,
Cam 11,633,Cam 11/IMG_0633.JPG,2/12/2022,09:10AM,N/A,,,,,,
Cam 11,634,Cam 11/IMG_0634.JPG,2/12/2022,09:10AM,N/A,,,,,,
Cam 11,635,Cam 11/IMG_0635.JPG,2/12/2022,09:10AM,N/A,,,,,,
Cam 11,636,Cam 11/IMG_0636.JPG,2/12/2022,09:10AM,N/A,,,,,,
Cam 11,637,Cam 11/IMG_0637.JPG,2/12/2022,09:11AM,N/A,,,,,,
Cam 11,638,Cam 11/IMG_0638.JPG,2/12/2022,09:11AM,N/A,,,,,,
Cam 11,639,Cam 11/IMG_0639.JPG,2/12/2022,09:11AM,N/A,,,,,,
Cam 11,640,Cam 11/IMG_0640.JPG,2/12/2022,09:11AM,N/A,,,,,,
Cam 11,641,Cam 11/IMG_0641.JPG,2/12/2022,09:11AM,N/A,,,,,,
Cam 11,642,Cam 11/IMG_0642.JPG,2/12/2022,09:11AM,N/A,,,,,,
Cam 11,643,Cam 11/IMG_0643.JPG,2/12/2022,09:11AM,N/A,,,,,,
Cam 11,644,Cam 11/IMG_0644.JPG,2/12/2022,09:11AM,N/A,,,,,,
Cam 11,645,Cam 11/IMG_0645.JPG,2/12/2022,09:11AM,N/A,,,,,,
Cam 11,646,Cam 11/IMG_0646.JPG,2/12/2022,09:11AM,N/A,,,,,,
Cam 11,647,Cam 11/IMG_0647.JPG,2/12/2022,09:11AM,N/A,,,,,,
Cam 11,648,Cam 11/IMG_0648.JPG,2/12/2022,09:11AM,N/A,,,,,,
Cam 11,649,Cam 11/IMG_0649.JPG,2/12/2022,09:11AM,N/A,,,,,,
Cam 11,650,Cam 11/IMG_0650.JPG,2/12/2022,09:11AM,N/A,,,,,,
Cam 11,651,Cam 11/IMG_0651.JPG,2/12/2022,09:11AM,N/A,,,,,,
Cam 11,652,Cam 11/IMG_0652.JPG,2/12/2022,09:11AM,N/A,,,,,,
Cam 11,653,Cam 11/IMG_0653.JPG,2/12/2022,09:11AM,N/A,,,,,,
Cam 11,654,Cam 11/IMG_0654.JPG,2/12/2022,09:11AM,N/A,,,,,,
Cam 11,655,Cam 11/IMG_0655.JPG,2/12/2022,09:11AM,N/A,,,,,,
Cam 11,656,Cam 11/IMG_0656.JPG,2/12/2022,09:11AM,N/A,,,,,,
Cam 11,657,Cam 11/IMG_0657.JPG,2/12/2022,09:11AM,N/A,,,,,,
Cam 11,658,Cam 11/IMG_0658.JPG,2/12/2022,09:11AM,N/A,,,,,,
Cam 11,659,Cam 11/IMG_0659.JPG,2/12/2022,09:11AM,N/A,,,,,,
Cam 11,660,Cam 11/IMG_0660.JPG,2/12/2022,09:11AM,N/A,,,,,,
Cam 11,661,Cam 11/IMG_0661.JPG,2/12/2022,09:11AM,N/A,,,,,,
Cam 11,662,Cam 11/IMG_0662.JPG,2/12/2022,09:11AM,N/A,,,,,,
Cam 11,663,Cam 11/IMG_0663.JPG,2/12/2022,09:11AM,N/A,,,,,,
Cam 11,664,Cam 11/IMG_0664.JPG,2/12/2022,09:11AM,N/A,,,,,,
Cam 11,665,Cam 11/IMG_0665.JPG,2/12/2022,09:11AM,N/A,,,,,,
Cam 11,666,Cam 11/IMG_0666.JPG,2/12/2022,09:11AM,N/A,,,,,,
Cam 11,667,Cam 11/IMG_0667.JPG,2/12/2022,09:12AM,N/A,,,,,,
Cam 11,668,Cam 11/IMG_0668.JPG,2/12/2022,09:12AM,N/A,,,,,,
Cam 11,669,Cam 11/IMG_0669.JPG,2/12/2022,09:12AM,N/A,,,,,,
Cam 11,670,Cam 11/IMG_0670.JPG,2/12/2022,09:12AM,N/A,,,,,,
Cam 11,671,Cam 11/IMG_0671.JPG,2/12/2022,09:12AM,N/A,,,,,,
Cam 11,672,Cam 11/IMG_0672.JPG,2/12/2022,09:12AM,N/A,,,,,,
Cam 11,673,Cam 11/IMG_0673.JPG,2/12/2022,09:12AM,N/A,,,,,,
Cam 11,674,Cam 11/IMG_0674.JPG,2/12/2022,09:12AM,N/A,,,,,,
Cam 11,675,Cam 11/IMG_0675.JPG,2/12/2022,09:12AM,N/A,,,,,,
Cam 11,676,Cam 11/IMG_0676.JPG,2/12/2022,09:12AM,N/A,,,,,,
Cam 11,677,Cam 11/IMG_0677.JPG,2/12/2022,09:12AM,N/A,,,,,,
Cam 11,678,Cam 11/IMG_0678.JPG,2/12/2022,09:12AM,N/A,,,,,,
Cam 11,679,Cam 11/IMG_0679.JPG,2/12/2022,09:12AM,N/A,,,,,,
Cam 11,680,Cam 11/IMG_0680.JPG,2/12/2022,09:12AM,N/A,,,,,,
Cam 11,681,Cam 11/IMG_0681.JPG,2/12/2022,09:12AM,N/A,,,,,,
Cam 11,682,Cam 11/IMG_0682.JPG,2/12/2022,09:12AM,N/A,,,,,,
Cam 11,683,Cam 11/IMG_0683.JPG,2/12/2022,09:12AM,N/A,,,,,,
Cam 11,684,Cam 11/IMG_0684.JPG,2/12/2022,09:12AM,N/A,,,,,,
Cam 11,685,Cam 11/IMG_0685.JPG,2/12/2022,09:12AM,N/A,,,,,,
Cam 11,686,Cam 11/IMG_0686.JPG,2/12/2022,09:12AM,N/A,,,,,,
Cam 11,687,Cam 11/IMG_0687.JPG,2/12/2022,09:12AM,N/A,,,,,,
Cam 11,688,Cam 11/IMG_0688.JPG,2/12/2022,09:12AM,N/A,,,,,,
Cam 11,689,Cam 11/IMG_0689.JPG,2/12/2022,09:12AM,N/A,,,,,,
Cam 11,690,Cam 11/IMG_0690.JPG,2/12/2022,09:12AM,N/A,,,,,,
Cam 11,691,Cam 11/IMG_0691.JPG,2/12/2022,09:12AM,N/A,,,,,,
Cam 11,692,Cam 11/IMG_0692.JPG,2/12/2022,09:12AM,N/A,,,,,,
Cam 11,693,Cam 11/IMG_0693.JPG,2/12/2022,09:12AM,N/A,,,,,,
Cam 11,694,Cam 11/IMG_0694.JPG,2/12/2022,09:12AM,N/A,,,,,,
Cam 11,695,Cam 11/IMG_0695.JPG,2/12/2022,09:12AM,N/A,,,,,,
Cam 11,696,Cam 11/IMG_0696.JPG,12/02/2022.,09:12AM,N/A,,,,,,
Cam 11,697,Cam 11/IMG_0697.JPG,2/12/2022,09:12AM,N/A,,,,,,
Cam 11,698,Cam 11/IMG_0698.JPG,2/12/2022,09:12AM,N/A,,,,,,
Cam 11,699,Cam 11/IMG_0699.JPG,2/12/2022,09:12AM,N/A,,,,,,
Cam 11,700,Cam 11/IMG_0700.JPG,2/12/2022,09:12AM,N/A,,,,,,
Cam 11,701,Cam 11/IMG_0701.JPG,2/12/2022,09:12AM,N/A,,,,,,
Cam 11,702,Cam 11/IMG_0702.JPG,2/12/2022,09:12AM,N/A,,,,,,
Cam 11,703,Cam 11/IMG_0703.JPG,2/12/2022,09:15AM,N/A,,,,,,
Cam 11,704,Cam 11/IMG_0704.JPG,2/12/2022,09:15AM,N/A,,,,,,
Cam 11,705,Cam 11/IMG_0705.JPG,2/12/2022,09:15AM,N/A,,,,,,
Cam 11,706,Cam 11/IMG_0706.JPG,2/12/2022,09:15AM,N/A,,,,,,
Cam 11,707,Cam 11/IMG_0707.JPG,2/12/2022,09:15AM,N/A,,,,,,
Cam 11,708,Cam 11/IMG_0708.JPG,2/12/2022,09:15AM,N/A,,,,,,
Cam 11,709,Cam 11/IMG_0709.JPG,2/12/2022,09:15AM,N/A,,,,,,
Cam 11,710,Cam 11/IMG_0710.JPG,2/12/2022,09:15AM,N/A,,,,,,
Cam 11,711,Cam 11/IMG_0711.JPG,2/12/2022,09:15AM,N/A,,,,,,
Cam 11,712,Cam 11/IMG_0712.JPG,2/12/2022,09:15AM,N/A,,,,,,
Cam 11,713,Cam 11/IMG_0713.JPG,2/12/2022,09:15AM,N/A,,,,,,
Cam 11,714,Cam 11/IMG_0714.JPG,2/12/2022,09:15AM,N/A,,,,,,
Cam 11,715,Cam 11/IMG_0715.JPG,2/12/2022,09:15AM,N/A,,,,,,
Cam 11,716,Cam 11/IMG_0716.JPG,2/12/2022,09:15AM,N/A,,,,,,
Cam 11,717,Cam 11/IMG_0717.JPG,2/12/2022,09:15AM,N/A,,,,,,
Cam 11,718,Cam 11/IMG_0718.JPG,2/12/2022,09:15AM,N/A,,,,,,
Cam 11,719,Cam 11/IMG_0719.JPG,2/12/2022,09:15AM,N/A,,,,,,
Cam 11,720,Cam 11/IMG_0720.JPG,2/12/2022,09:15AM,N/A,,,,,,
Cam 11,721,Cam 11/IMG_0721.JPG,2/12/2022,09:15AM,N/A,,,,,,
Cam 11,722,Cam 11/IMG_0722.JPG,2/12/2022,09:15AM,N/A,,,,,,
Cam 11,723,Cam 11/IMG_0723.JPG,2/12/2022,09:15AM,N/A,,,,,,
Cam 11,724,Cam 11/IMG_0724.JPG,2/12/2022,09:15AM,N/A,,,,,,
Cam 11,725,Cam 11/IMG_0725.JPG,2/12/2022,09:15AM,N/A,,,,,,
Cam 11,726,Cam 11/IMG_0726.JPG,2/12/2022,09:15AM,N/A,,,,,,
Cam 11,727,Cam 11/IMG_0727.JPG,2/12/2022,09:15AM,N/A,,,,,,
Cam 11,728,Cam 11/IMG_0728.JPG,2/12/2022,09:15AM,N/A,,,,,,
Cam 11,729,Cam 11/IMG_0729.JPG,2/12/2022,09:15AM,N/A,,,,,,
Cam 11,730,Cam 11/IMG_0730.JPG,2/12/2022,09:15AM,N/A,,,,,,
Cam 11,731,Cam 11/IMG_0731.JPG,2/12/2022,09:15AM,N/A,,,,,,
Cam 11,732,Cam 11/IMG_0732.JPG,2/12/2022,09:15AM,N/A,,,,,,
Cam 11,733,Cam 11/IMG_0733.JPG,2/12/2022,09:15AM,N/A,,,,,,
Cam 11,734,Cam 11/IMG_0734.JPG,2/12/2022,09:15AM,N/A,,,,,,
Cam 11,735,Cam 11/IMG_0735.JPG,2/12/2022,09:15AM,N/A,,,,,,
Cam 11,736,Cam 11/IMG_0736.JPG,2/12/2022,09:15AM,N/A,,,,,,
Cam 11,737,Cam 11/IMG_0737.JPG,2/12/2022,09:15AM,N/A,,,,,,
Cam 11,738,Cam 11/IMG_0738.JPG,2/12/2022,09:15AM,N/A,,,,,,
Cam 11,739,Cam 11/IMG_0739.JPG,2/12/2022,09:15AM,N/A,,,,,,
Cam 11,740,Cam 11/IMG_0740.JPG,2/12/2022,09:15AM,N/A,,,,,,
Cam 11,741,Cam 11/IMG_0741.JPG,2/12/2022,09:15AM,N/A,,,,,,
Cam 11,742,Cam 11/IMG_0742.JPG,2/12/2022,09:15AM,N/A,,,,,,
Cam 11,743,Cam 11/IMG_0743.JPG,2/12/2022,09:15AM,N/A,,,,,,
Cam 11,744,Cam 11/IMG_0744.JPG,2/12/2022,09:15AM,N/A,,,,,,
Cam 11,745,Cam 11/IMG_0745.JPG,2/12/2022,09:16AM,N/A,,,,,,
Cam 11,746,Cam 11/IMG_0746.JPG,2/12/2022,09:16AM,N/A,,,,,,
Cam 11,747,Cam 11/IMG_0747.JPG,2/12/2022,09:16AM,N/A,,,,,,
Cam 11,748,Cam 11/IMG_0748.JPG,2/12/2022,09:16AM,N/A,,,,,,
Cam 11,749,Cam 11/IMG_0749.JPG,2/12/2022,09:16AM,N/A,,,,,,
Cam 11,750,Cam 11/IMG_0750.JPG,2/12/2022,09:16AM,N/A,,,,,,
Cam 11,751,Cam 11/IMG_0751.JPG,2/12/2022,09:16AM,N/A,,,,,,
Cam 11,752,Cam 11/IMG_0752.JPG,2/12/2022,09:16AM,N/A,,,,,,
Cam 11,753,Cam 11/IMG_0753.JPG,2/12/2022,09:16AM,N/A,,,,,,
Cam 11,754,Cam 11/IMG_0754.JPG,2/12/2022,09:16AM,N/A,,,,,,
Cam 11,755,Cam 11/IMG_0755.JPG,2/12/2022,09:16AM,N/A,,,,,,
Cam 11,756,Cam 11/IMG_0756.JPG,2/12/2022,09:16AM,N/A,,,,,,
Cam 11,757,Cam 11/IMG_0757.JPG,2/12/2022,09:16AM,N/A,,,,,,
Cam 11,758,Cam 11/IMG_0758.JPG,2/12/2022,09:16AM,N/A,,,,,,
Cam 11,759,Cam 11/IMG_0759.JPG,2/12/2022,09:16AM,N/A,,,,,,
Cam 11,760,Cam 11/IMG_0760.JPG,2/12/2022,09:16AM,N/A,,,,,,
Cam 11,761,Cam 11/IMG_0761.JPG,2/12/2022,09:16AM,N/A,,,,,,
Cam 11,762,Cam 11/IMG_0762.JPG,2/12/2022,09:16AM,N/A,,,,,,
Cam 11,763,Cam 11/IMG_0763.JPG,2/12/2022,09:16AM,N/A,,,,,,
Cam 11,764,Cam 11/IMG_0764.JPG,2/12/2022,09:16AM,N/A,,,,,,
Cam 11,765,Cam 11/IMG_0765.JPG,2/12/2022,09:16AM,N/A,,,,,,
Cam 11,766,Cam 11/IMG_0766.JPG,2/12/2022,09:16AM,N/A,,,,,,
Cam 11,767,Cam 11/IMG_0767.JPG,2/12/2022,09:16AM,N/A,,,,,,
Cam 11,768,Cam 11/IMG_0768.JPG,2/12/2022,09:16AM,N/A,,,,,,
Cam 11,769,Cam 11/IMG_0769.JPG,2/12/2022,09:16AM,N/A,,,,,,
Cam 11,770,Cam 11/IMG_0770.JPG,2/12/2022,09:16AM,N/A,,,,,,
Cam 11,771,Cam 11/IMG_0771.JPG,2/12/2022,09:16AM,N/A,,,,,,
Cam 11,772,Cam 11/IMG_0772.JPG,2/12/2022,09:24AM,N/A,,,,,,
Cam 11,773,Cam 11/IMG_0773.JPG,2/12/2022,09:24AM,N/A,,,,,,
Cam 11,774,Cam 11/IMG_0774.JPG,2/12/2022,09:24AM,N/A,,,,,,
Cam 11,775,Cam 11/IMG_0775.JPG,2/12/2022,09:24AM,N/A,,,,,,
Cam 11,776,Cam 11/IMG_0776.JPG,2/12/2022,09:24AM,N/A,,,,,,
Cam 11,777,Cam 11/IMG_0777.JPG,2/12/2022,09:24AM,N/A,,,,,,
Cam 11,778,Cam 11/IMG_0778.JPG,2/12/2022,09:24AM,N/A,,,,,,
Cam 11,779,Cam 11/IMG_0779.JPG,2/12/2022,09:24AM,N/A,,,,,,
Cam 11,780,Cam 11/IMG_0780.JPG,2/12/2022,09:24AM,N/A,,,,,,
Cam 11,781,Cam 11/IMG_0781.JPG,2/12/2022,09:25AM,N/A,,,,,,
Cam 11,782,Cam 11/IMG_0782.JPG,2/12/2022,09:25AM,N/A,,,,,,
Cam 11,783,Cam 11/IMG_0783.JPG,2/12/2022,09:25AM,N/A,,,,,,
Cam 11,784,Cam 11/IMG_0784.JPG,2/12/2022,09:25AM,N/A,,,,,,
Cam 11,785,Cam 11/IMG_0785.JPG,2/12/2022,09:25AM,N/A,,,,,,
Cam 11,786,Cam 11/IMG_0786.JPG,2/12/2022,09:25AM,N/A,,,,,,
Cam 11,787,Cam 11/IMG_0787.JPG,2/12/2022,09:35AM,N/A,,,,,,
Cam 11,788,Cam 11/IMG_0788.JPG,2/12/2022,09:35AM,N/A,,,,,,
Cam 11,789,Cam 11/IMG_0789.JPG,2/12/2022,09:35AM,N/A,,,,,,
Cam 11,790,Cam 11/IMG_0790.JPG,2/12/2022,09:39AM,N/A,,,,,,
Cam 11,791,Cam 11/IMG_0791.JPG,2/12/2022,09:39AM,N/A,,,,,,
Cam 11,792,Cam 11/IMG_0792.JPG,2/12/2022,09:39AM,N/A,,,,,,
Cam 11,793,Cam 11/IMG_0793.JPG,2/12/2022,09:39AM,N/A,,,,,,
Cam 11,794,Cam 11/IMG_0794.JPG,2/12/2022,09:39AM,N/A,,,,,,
Cam 11,795,Cam 11/IMG_0795.JPG,2/12/2022,09:39AM,N/A,,,,,,
Cam 11,796,Cam 11/IMG_0796.JPG,2/12/2022,09:39AM,N/A,,,,,,
Cam 11,797,Cam 11/IMG_0797.JPG,2/12/2022,09:39AM,N/A,,,,,,
Cam 11,798,Cam 11/IMG_0798.JPG,2/12/2022,09:39AM,N/A,,,,,,
Cam 11,799,Cam 11/IMG_0799.JPG,2/12/2022,10:46AM,N/A,,,,,,
Cam 11,800,Cam 11/IMG_0800.JPG,2/12/2022,10:46AM,N/A,,,,,,
Cam 11,801,Cam 11/IMG_0801.JPG,2/12/2022,10:46AM,N/A,,,,,,
Cam 11,802,Cam 11/IMG_0802.JPG,2/12/2022,10:52AM,N/A,,,,,,
Cam 11,803,Cam 11/IMG_0803.JPG,2/12/2022,10:52AM,N/A,,,,,,
Cam 11,804,Cam 11/IMG_0804.JPG,2/12/2022,10:52AM,N/A,,,,,,
Cam 11,805,Cam 11/IMG_0805.JPG,2/12/2022,10:52AM,N/A,,,,,,
Cam 11,806,Cam 11/IMG_0806.JPG,2/12/2022,10:52AM,N/A,,,,,,
Cam 11,807,Cam 11/IMG_0807.JPG,2/12/2022,10:52AM,N/A,,,,,,
Cam 11,808,Cam 11/IMG_0808.JPG,2/12/2022,10:52AM,N/A,,,,,,
Cam 11,809,Cam 11/IMG_0809.JPG,2/12/2022,10:52AM,N/A,,,,,,
Cam 11,810,Cam 11/IMG_0810.JPG,2/12/2022,10:52AM,N/A,,,,,,
Cam 11,811,Cam 11/IMG_0811.JPG,2/12/2022,10:52AM,N/A,,,,,,
Cam 11,812,Cam 11/IMG_0812.JPG,2/12/2022,10:52AM,N/A,,,,,,
Cam 11,813,Cam 11/IMG_0813.JPG,2/12/2022,10:52AM,N/A,,,,,,
Cam 11,814,Cam 11/IMG_0814.JPG,2/12/2022,10:53AM,N/A,,,,,,
Cam 11,815,Cam 11/IMG_0815.JPG,2/12/2022,10:53AM,N/A,,,,,,
Cam 11,816,Cam 11/IMG_0816.JPG,2/12/2022,10:53AM,N/A,,,,,,
Cam 11,817,Cam 11/IMG_0817.JPG,2/12/2022,10:53AM,N/A,,,,,,
Cam 11,818,Cam 11/IMG_0818.JPG,2/12/2022,10:53AM,N/A,,,,,,
Cam 11,819,Cam 11/IMG_0819.JPG,2/12/2022,10:53AM,N/A,,,,,,
Cam 11,820,Cam 11/IMG_0820.JPG,2/12/2022,10:53AM,N/A,,,,,,
Cam 11,821,Cam 11/IMG_0821.JPG,2/12/2022,10:53AM,N/A,,,,,,
Cam 11,822,Cam 11/IMG_0822.JPG,2/12/2022,10:53AM,N/A,,,,,,
Cam 11,823,Cam 11/IMG_0823.JPG,2/12/2022,10:53AM,N/A,,,,,,
Cam 11,824,Cam 11/IMG_0824.JPG,2/12/2022,10:53AM,N/A,,,,,,
Cam 11,825,Cam 11/IMG_0825.JPG,2/12/2022,10:53AM,N/A,,,,,,
Cam 11,826,Cam 11/IMG_0826.JPG,2/12/2022,10:53AM,N/A,,,,,,
Cam 11,827,Cam 11/IMG_0827.JPG,2/12/2022,10:53AM,N/A,,,,,,
Cam 11,828,Cam 11/IMG_0828.JPG,2/12/2022,10:53AM,N/A,,,,,,
Cam 11,829,Cam 11/IMG_0829.JPG,2/12/2022,10:53AM,N/A,,,,,,
Cam 11,830,Cam 11/IMG_0830.JPG,2/12/2022,10:53AM,N/A,,,,,,
Cam 11,831,Cam 11/IMG_0831.JPG,2/12/2022,10:53AM,N/A,,,,,,
Cam 11,832,Cam 11/IMG_0832.JPG,2/12/2022,10:53AM,N/A,,,,,,
Cam 11,833,Cam 11/IMG_0833.JPG,2/12/2022,10:53AM,N/A,,,,,,
Cam 11,834,Cam 11/IMG_0834.JPG,2/12/2022,10:53AM,N/A,,,,,,
Cam 11,835,Cam 11/IMG_0835.JPG,2/12/2022,10:53AM,N/A,,,,,,
Cam 11,836,Cam 11/IMG_0836.JPG,2/12/2022,10:53AM,N/A,,,,,,
Cam 11,837,Cam 11/IMG_0837.JPG,2/12/2022,10:53AM,N/A,,,,,,
Cam 11,838,Cam 11/IMG_0838.JPG,2/12/2022,10:53AM,N/A,,,,,,
Cam 11,839,Cam 11/IMG_0839.JPG,2/12/2022,10:53AM,N/A,,,,,,
Cam 11,840,Cam 11/IMG_0840.JPG,2/12/2022,10:53AM,N/A,,,,,,
Cam 11,841,Cam 11/IMG_0841.JPG,2/12/2022,10:53AM,N/A,,,,,,
Cam 11,842,Cam 11/IMG_0842.JPG,2/12/2022,10:53AM,N/A,,,,,,
Cam 11,843,Cam 11/IMG_0843.JPG,2/12/2022,10:53AM,N/A,,,,,,
Cam 11,844,Cam 11/IMG_0844.JPG,2/12/2022,10:54AM,N/A,,,,,,
Cam 11,845,Cam 11/IMG_0845.JPG,2/12/2022,10:54AM,N/A,,,,,,
Cam 11,846,Cam 11/IMG_0846.JPG,2/12/2022,10:54AM,N/A,,,,,,
Cam 11,847,Cam 11/IMG_0847.JPG,2/12/2022,10:54AM,N/A,,,,,,
Cam 11,848,Cam 11/IMG_0848.JPG,2/12/2022,10:54AM,N/A,,,,,,
Cam 11,849,Cam 11/IMG_0849.JPG,2/12/2022,10:54AM,N/A,,,,,,
Cam 11,850,Cam 11/IMG_0850.JPG,2/12/2022,10:54AM,N/A,,,,,,
Cam 11,851,Cam 11/IMG_0851.JPG,2/12/2022,10:54AM,N/A,,,,,,
Cam 11,852,Cam 11/IMG_0852.JPG,2/12/2022,10:54AM,N/A,,,,,,
Cam 11,853,Cam 11/IMG_0853.JPG,2/12/2022,10:54AM,N/A,,,,,,
Cam 11,854,Cam 11/IMG_0854.JPG,2/12/2022,10:54AM,N/A,,,,,,
Cam 11,855,Cam 11/IMG_0855.JPG,2/12/2022,10:54AM,N/A,,,,,,
Cam 11,856,Cam 11/IMG_0856.JPG,2/12/2022,10:54AM,N/A,,,,,,
Cam 11,857,Cam 11/IMG_0857.JPG,2/12/2022,10:54AM,N/A,,,,,,
Cam 11,858,Cam 11/IMG_0858.JPG,2/12/2022,10:54AM,N/A,,,,,,
Cam 11,859,Cam 11/IMG_0859.JPG,2/12/2022,10:55AM,N/A,,,,,,
Cam 11,860,Cam 11/IMG_0860.JPG,2/12/2022,10:55AM,N/A,,,,,,
Cam 11,861,Cam 11/IMG_0861.JPG,2/12/2022,10:55AM,N/A,,,,,,
Cam 11,862,Cam 11/IMG_0862.JPG,2/12/2022,10:55AM,N/A,,,,,,
Cam 11,863,Cam 11/IMG_0863.JPG,2/12/2022,10:55AM,N/A,,,,,,
Cam 11,864,Cam 11/IMG_0864.JPG,2/12/2022,10:55AM,N/A,,,,,,
Cam 11,865,Cam 11/IMG_0865.JPG,2/12/2022,10:55AM,N/A,,,,,,
Cam 11,866,Cam 11/IMG_0866.JPG,2/12/2022,10:55AM,N/A,,,,,,
Cam 11,867,Cam 11/IMG_0867.JPG,2/12/2022,10:55AM,N/A,,,,,,
Cam 11,868,Cam 11/IMG_0868.JPG,2/12/2022,10:55AM,N/A,,,,,,
Cam 11,869,Cam 11/IMG_0869.JPG,2/12/2022,10:55AM,N/A,,,,,,
Cam 11,870,Cam 11/IMG_0870.JPG,2/12/2022,10:55AM,N/A,,,,,,
Cam 11,871,Cam 11/IMG_0871.JPG,2/12/2022,10:55AM,N/A,,,,,,
Cam 11,872,Cam 11/IMG_0872.JPG,2/12/2022,10:55AM,N/A,,,,,,
Cam 11,873,Cam 11/IMG_0873.JPG,2/12/2022,10:55AM,N/A,,,,,,
Cam 11,874,Cam 11/IMG_0874.JPG,2/12/2022,10:55AM,N/A,,,,,,
Cam 11,875,Cam 11/IMG_0875.JPG,2/12/2022,10:55AM,N/A,,,,,,
Cam 11,876,Cam 11/IMG_0876.JPG,2/12/2022,10:55AM,N/A,,,,,,
Cam 11,877,Cam 11/IMG_0877.JPG,2/12/2022,10:55AM,N/A,,,,,,
Cam 11,878,Cam 11/IMG_0878.JPG,2/12/2022,10:55AM,N/A,,,,,,
Cam 11,879,Cam 11/IMG_0879.JPG,2/12/2022,10:55AM,N/A,,,,,,
Cam 11,880,Cam 11/IMG_0880.JPG,2/12/2022,10:55AM,N/A,,,,,,
Cam 11,881,Cam 11/IMG_0881.JPG,2/12/2022,10:55AM,N/A,,,,,,
Cam 11,882,Cam 11/IMG_0882.JPG,2/12/2022,10:55AM,N/A,,,,,,
Cam 11,883,Cam 11/IMG_0883.JPG,2/12/2022,10:56AM,N/A,,,,,,
Cam 11,884,Cam 11/IMG_0884.JPG,2/12/2022,10:56AM,N/A,,,,,,
Cam 11,885,Cam 11/IMG_0885.JPG,2/12/2022,10:56AM,N/A,,,,,,
Cam 11,886,Cam 11/IMG_0886.JPG,2/12/2022,10:56AM,N/A,,,,,,
Cam 11,887,Cam 11/IMG_0887.JPG,2/12/2022,10:56AM,N/A,,,,,,
Cam 11,888,Cam 11/IMG_0888.JPG,2/12/2022,10:56AM,N/A,,,,,,
Cam 11,889,Cam 11/IMG_0889.JPG,2/12/2022,10:56AM,N/A,,,,,,
Cam 11,890,Cam 11/IMG_0890.JPG,2/12/2022,10:56AM,N/A,,,,,,
Cam 11,891,Cam 11/IMG_0891.JPG,2/12/2022,10:56AM,N/A,,,,,,
Cam 11,892,Cam 11/IMG_0892.JPG,2/12/2022,10:57AM,N/A,,,,,,
Cam 11,893,Cam 11/IMG_0893.JPG,2/12/2022,10:57AM,N/A,,,,,,
Cam 11,894,Cam 11/IMG_0894.JPG,2/12/2022,10:57AM,N/A,,,,,,
Cam 11,895,Cam 11/IMG_0895.JPG,2/12/2022,10:57AM,N/A,,,,,,
Cam 11,896,Cam 11/IMG_0896.JPG,2/12/2022,10:57AM,N/A,,,,,,
Cam 11,897,Cam 11/IMG_0897.JPG,2/12/2022,10:57AM,N/A,,,,,,
Cam 11,898,Cam 11/IMG_0898.JPG,2/12/2022,10:57AM,N/A,,,,,,
Cam 11,899,Cam 11/IMG_0899.JPG,2/12/2022,10:57AM,N/A,,,,,,
Cam 11,900,Cam 11/IMG_0900.JPG,2/12/2022,10:57AM,N/A,,,,,,
Cam 11,901,Cam 11/IMG_0901.JPG,2/12/2022,01:20PM,N/A,,,,,,
Cam 11,902,Cam 11/IMG_0902.JPG,2/12/2022,01:20PM,N/A,,,,,,
Cam 11,903,Cam 11/IMG_0903.JPG,2/12/2022,01:20PM,N/A,,,,,,
Cam 11,904,Cam 11/IMG_0904.JPG,2/12/2022,01:25PM,N/A,,,,,,
Cam 11,905,Cam 11/IMG_0905.JPG,2/12/2022,01:25PM,N/A,,,,,,
Cam 11,906,Cam 11/IMG_0906.JPG,2/12/2022,01:25PM,N/A,,,,,,
Cam 11,907,Cam 11/IMG_0907.JPG,2/12/2022,01:27PM,N/A,,,,,,
Cam 11,908,Cam 11/IMG_0908.JPG,2/12/2022,01:27PM,N/A,,,,,,
Cam 11,909,Cam 11/IMG_0909.JPG,2/12/2022,01:27PM,N/A,,,,,,
Cam 11,910,Cam 11/IMG_0910.JPG,2/12/2022,01:27PM,N/A,,,,,,
Cam 11,911,Cam 11/IMG_0911.JPG,2/12/2022,01:27PM,N/A,,,,,,
Cam 11,912,Cam 11/IMG_0912.JPG,2/12/2022,01:27PM,N/A,,,,,,
Cam 11,913,Cam 11/IMG_0913.JPG,2/12/2022,01:27PM,N/A,,,,,,
Cam 11,914,Cam 11/IMG_0914.JPG,2/12/2022,01:27PM,N/A,,,,,,
Cam 11,915,Cam 11/IMG_0915.JPG,2/12/2022,01:27PM,N/A,,,,,,
Cam 11,916,Cam 11/IMG_0916.JPG,2/12/2022,01:27PM,N/A,,,,,,
Cam 11,917,Cam 11/IMG_0917.JPG,2/12/2022,01:27PM,N/A,,,,,,
Cam 11,918,Cam 11/IMG_0918.JPG,2/12/2022,01:27PM,N/A,,,,,,
Cam 11,919,Cam 11/IMG_0919.JPG,2/12/2022,01:27PM,N/A,,,,,,
Cam 11,920,Cam 11/IMG_0920.JPG,2/12/2022,01:27PM,N/A,,,,,,
Cam 11,921,Cam 11/IMG_0921.JPG,2/12/2022,01:27PM,N/A,,,,,,
Cam 11,922,Cam 11/IMG_0922.JPG,2/12/2022,01:28PM,N/A,,,,,,
Cam 11,923,Cam 11/IMG_0923.JPG,2/12/2022,01:28PM,N/A,,,,,,
Cam 11,924,Cam 11/IMG_0924.JPG,2/12/2022,01:28PM,N/A,,,,,,
Cam 11,925,Cam 11/IMG_0925.JPG,2/12/2022,01:28PM,N/A,,,,,,
Cam 11,926,Cam 11/IMG_0926.JPG,2/12/2022,01:28PM,N/A,,,,,,
Cam 11,927,Cam 11/IMG_0927.JPG,2/12/2022,01:28PM,N/A,,,,,,
Cam 11,928,Cam 11/IMG_0928.JPG,2/12/2022,01:28PM,N/A,,,,,,
Cam 11,929,Cam 11/IMG_0929.JPG,2/12/2022,01:28PM,N/A,,,,,,
Cam 11,930,Cam 11/IMG_0930.JPG,2/12/2022,01:28PM,N/A,,,,,,
Cam 11,931,Cam 11/IMG_0931.JPG,2/12/2022,01:28PM,N/A,,,,,,
Cam 11,932,Cam 11/IMG_0932.JPG,2/12/2022,01:28PM,N/A,,,,,,
Cam 11,933,Cam 11/IMG_0933.JPG,2/12/2022,01:28PM,N/A,,,,,,
Cam 11,934,Cam 11/IMG_0934.JPG,2/12/2022,01:28PM,N/A,,,,,,
Cam 11,935,Cam 11/IMG_0935.JPG,2/12/2022,01:28PM,N/A,,,,,,
Cam 11,936,Cam 11/IMG_0936.JPG,2/12/2022,01:28PM,N/A,,,,,,
Cam 11,937,Cam 11/IMG_0937.JPG,2/12/2022,01:28PM,N/A,,,,,,
Cam 11,938,Cam 11/IMG_0938.JPG,2/12/2022,01:28PM,N/A,,,,,,
Cam 11,939,Cam 11/IMG_0939.JPG,2/12/2022,01:28PM,N/A,,,,,,
Cam 11,940,Cam 11/IMG_0940.JPG,2/12/2022,01:29PM,N/A,,,,,,
Cam 11,941,Cam 11/IMG_0941.JPG,2/12/2022,01:29PM,N/A,,,,,,
Cam 11,942,Cam 11/IMG_0942.JPG,2/12/2022,01:29PM,N/A,,,,,,
Cam 11,943,Cam 11/IMG_0943.JPG,2/12/2022,01:29PM,N/A,,,,,,
Cam 11,944,Cam 11/IMG_0944.JPG,2/12/2022,01:29PM,N/A,,,,,,
Cam 11,945,Cam 11/IMG_0945.JPG,2/12/2022,01:29PM,N/A,,,,,,
Cam 11,946,Cam 11/IMG_0946.JPG,2/12/2022,01:29PM,N/A,,,,,,
Cam 11,947,Cam 11/IMG_0947.JPG,2/12/2022,01:29PM,N/A,,,,,,
Cam 11,948,Cam 11/IMG_0948.JPG,2/12/2022,01:29PM,N/A,,,,,,
Cam 11,949,Cam 11/IMG_0949.JPG,2/12/2022,01:29PM,N/A,,,,,,
Cam 11,950,Cam 11/IMG_0950.JPG,2/12/2022,01:29PM,N/A,,,,,,
Cam 11,951,Cam 11/IMG_0951.JPG,2/12/2022,01:29PM,N/A,,,,,,
Cam 11,952,Cam 11/IMG_0952.JPG,2/12/2022,01:32PM,N/A,,,,,,
Cam 11,953,Cam 11/IMG_0953.JPG,2/12/2022,01:32PM,N/A,,,,,,
Cam 11,954,Cam 11/IMG_0954.JPG,2/12/2022,01:32PM,N/A,,,,,,
Cam 11,955,Cam 11/IMG_0955.JPG,2/12/2022,01:34PM,N/A,,,,,,
Cam 11,956,Cam 11/IMG_0956.JPG,2/12/2022,01:34PM,N/A,,,,,,
Cam 11,957,Cam 11/IMG_0957.JPG,2/12/2022,01:34PM,N/A,,,,,,
Cam 11,958,Cam 11/IMG_0958.JPG,2/12/2022,01:34PM,N/A,,,,,,
Cam 11,959,Cam 11/IMG_0959.JPG,2/12/2022,01:34PM,N/A,,,,,,
Cam 11,960,Cam 11/IMG_0960.JPG,2/12/2022,01:34PM,N/A,,,,,,
Cam 11,961,Cam 11/IMG_0961.JPG,2/12/2022,01:34PM,N/A,,,,,,
Cam 11,962,Cam 11/IMG_0962.JPG,2/12/2022,01:34PM,N/A,,,,,,
Cam 11,963,Cam 11/IMG_0963.JPG,2/12/2022,01:34PM,N/A,,,,,,
Cam 11,964,Cam 11/IMG_0964.JPG,2/12/2022,01:34PM,N/A,,,,,,
Cam 11,965,Cam 11/IMG_0965.JPG,2/12/2022,01:34PM,N/A,,,,,,
Cam 11,966,Cam 11/IMG_0966.JPG,2/12/2022,01:34PM,N/A,,,,,,
Cam 11,967,Cam 11/IMG_0967.JPG,2/12/2022,01:35PM,N/A,,,,,,
Cam 11,968,Cam 11/IMG_0968.JPG,2/12/2022,01:35PM,N/A,,,,,,
Cam 11,969,Cam 11/IMG_0969.JPG,2/12/2022,01:35PM,N/A,,,,,,
Cam 11,970,Cam 11/IMG_0970.JPG,2/12/2022,01:35PM,N/A,,,,,,
Cam 11,971,Cam 11/IMG_0971.JPG,2/12/2022,01:35PM,N/A,,,,,,
Cam 11,972,Cam 11/IMG_0972.JPG,2/12/2022,01:35PM,N/A,,,,,,
Cam 11,973,Cam 11/IMG_0973.JPG,3/12/2022,06:53AM,N/A,,,,,,
Cam 11,974,Cam 11/IMG_0974.JPG,3/12/2022,06:53AM,N/A,,,,,,
Cam 11,975,Cam 11/IMG_0975.JPG,3/12/2022,06:53AM,N/A,,,,,,
Cam 11,976,Cam 11/IMG_0976.JPG,3/12/2022,07:23AM,N/A,,,,,,
Cam 11,977,Cam 11/IMG_0977.JPG,3/12/2022,07:23AM,N/A,,,,,,
Cam 11,978,Cam 11/IMG_0978.JPG,3/12/2022,07:23AM,N/A,,,,,,
Cam 11,979,Cam 11/IMG_0979.JPG,3/12/2022,07:24AM,N/A,,,,,,
Cam 11,980,Cam 11/IMG_0980.JPG,3/12/2022,07:24AM,N/A,,,,,,
Cam 11,981,Cam 11/IMG_0981.JPG,3/12/2022,07:24AM,N/A,,,,,,
Cam 11,982,Cam 11/IMG_0982.JPG,3/12/2022,07:36AM,N/A,,,,,,
Cam 11,983,Cam 11/IMG_0983.JPG,3/12/2022,07:36AM,N/A,,,,,,
Cam 11,984,Cam 11/IMG_0984.JPG,3/12/2022,07:36AM,N/A,,,,,,
Cam 11,985,Cam 11/IMG_0985.JPG,3/12/2022,07:39AM,N/A,,,,,,
Cam 11,986,Cam 11/IMG_0986.JPG,3/12/2022,07:39AM,N/A,,,,,,
Cam 11,987,Cam 11/IMG_0987.JPG,3/12/2022,07:39AM,N/A,,,,,,
Cam 11,988,Cam 11/IMG_0988.JPG,3/12/2022,07:39AM,N/A,,,,,,
Cam 11,989,Cam 11/IMG_0989.JPG,3/12/2022,07:39AM,N/A,,,,,,
Cam 11,990,Cam 11/IMG_0990.JPG,3/12/2022,07:39AM,N/A,,,,,,
Cam 11,991,Cam 11/IMG_0991.JPG,3/12/2022,07:39AM,N/A,,,,,,
Cam 11,992,Cam 11/IMG_0992.JPG,3/12/2022,07:39AM,N/A,,,,,,
Cam 11,993,Cam 11/IMG_0993.JPG,3/12/2022,07:39AM,N/A,,,,,,
Cam 11,994,Cam 11/IMG_0994.JPG,3/12/2022,07:39AM,N/A,,,,,,
Cam 11,995,Cam 11/IMG_0995.JPG,3/12/2022,07:39AM,N/A,,,,,,
Cam 11,996,Cam 11/IMG_0996.JPG,3/12/2022,07:39AM,N/A,,,,,,
Cam 11,997,Cam 11/IMG_0997.JPG,3/12/2022,07:39AM,N/A,,,,,,
Cam 11,998,Cam 11/IMG_0998.JPG,3/12/2022,07:39AM,N/A,,,,,,
Cam 11,999,Cam 11/IMG_0999.JPG,3/12/2022,07:40AM,N/A,,,,,,
Cam 11,1000,Cam 11/IMG_1000.JPG,3/12/2022,07:40AM,N/A,,,,,,
Cam 11,1001,Cam 11/IMG_1001.JPG,3/12/2022,07:40AM,N/A,,,,,,
Cam 11,1002,Cam 11/IMG_1002.JPG,3/12/2022,07:40AM,N/A,,,,,,
Cam 11,1003,Cam 11/IMG_1003.JPG,3/12/2022,07:40AM,N/A,,,,,,
Cam 11,1004,Cam 11/IMG_1004.JPG,3/12/2022,07:40AM,N/A,,,,,,
Cam 11,1005,Cam 11/IMG_1005.JPG,3/12/2022,07:40AM,N/A,,,,,,
Cam 11,1006,Cam 11/IMG_1006.JPG,3/12/2022,07:40AM,N/A,,,,,,
Cam 11,1007,Cam 11/IMG_1007.JPG,3/12/2022,07:40AM,N/A,,,,,,
Cam 11,1008,Cam 11/IMG_1008.JPG,3/12/2022,07:40AM,N/A,,,,,,
Cam 11,1009,Cam 11/IMG_1009.JPG,3/12/2022,07:40AM,N/A,,,,,,
Cam 11,1010,Cam 11/IMG_1010.JPG,3/12/2022,07:40AM,N/A,,,,,,
Cam 11,1011,Cam 11/IMG_1011.JPG,3/12/2022,07:40AM,N/A,,,,,,
Cam 11,1012,Cam 11/IMG_1012.JPG,3/12/2022,07:40AM,N/A,,,,,,
Cam 11,1013,Cam 11/IMG_1013.JPG,3/12/2022,07:40AM,N/A,,,,,,
Cam 11,1014,Cam 11/IMG_1014.JPG,3/12/2022,07:40AM,N/A,,,,,,
Cam 11,1015,Cam 11/IMG_1015.JPG,3/12/2022,11:16AM,N/A,,,,,,
Cam 11,1016,Cam 11/IMG_1016.JPG,3/12/2022,11:16AM,N/A,,,,,,
Cam 11,1017,Cam 11/IMG_1017.JPG,3/12/2022,11:16AM,N/A,,,,,,
Cam 11,1018,Cam 11/IMG_1018.JPG,3/12/2022,11:16AM,N/A,,,,,,
Cam 11,1019,Cam 11/IMG_1019.JPG,3/12/2022,11:16AM,N/A,,,,,,
Cam 11,1020,Cam 11/IMG_1020.JPG,3/12/2022,11:16AM,N/A,,,,,,
Cam 11,1021,Cam 11/IMG_1021.JPG,3/12/2022,11:16AM,N/A,,,,,,
Cam 11,1022,Cam 11/IMG_1022.JPG,3/12/2022,11:16AM,N/A,,,,,,
Cam 11,1023,Cam 11/IMG_1023.JPG,3/12/2022,11:16AM,N/A,,,,,,
Cam 11,1024,Cam 11/IMG_1024.JPG,3/12/2022,11:16AM,N/A,,,,,,
Cam 11,1025,Cam 11/IMG_1025.JPG,3/12/2022,11:16AM,N/A,,,,,,
Cam 11,1026,Cam 11/IMG_1026.JPG,3/12/2022,11:16AM,N/A,,,,,,
Cam 11,1027,Cam 11/IMG_1027.JPG,3/12/2022,11:16AM,N/A,,,,,,
Cam 11,1028,Cam 11/IMG_1028.JPG,3/12/2022,11:16AM,N/A,,,,,,
Cam 11,1029,Cam 11/IMG_1029.JPG,3/12/2022,11:16AM,N/A,,,,,,
Cam 11,1030,Cam 11/IMG_1030.JPG,3/12/2022,11:16AM,N/A,,,,,,
Cam 11,1031,Cam 11/IMG_1031.JPG,3/12/2022,11:16AM,N/A,,,,,,
Cam 11,1032,Cam 11/IMG_1032.JPG,3/12/2022,11:16AM,N/A,,,,,,
Cam 11,1033,Cam 11/IMG_1033.JPG,3/12/2022,11:16AM,N/A,,,,,,
Cam 11,1034,Cam 11/IMG_1034.JPG,3/12/2022,11:16AM,N/A,,,,,,
Cam 11,1035,Cam 11/IMG_1035.JPG,3/12/2022,11:16AM,N/A,,,,,,
Cam 11,1036,Cam 11/IMG_1036.JPG,3/12/2022,11:16AM,N/A,,,,,,
Cam 11,1037,Cam 11/IMG_1037.JPG,3/12/2022,11:16AM,N/A,,,,,,
Cam 11,1038,Cam 11/IMG_1038.JPG,3/12/2022,11:16AM,N/A,,,,,,
Cam 11,1039,Cam 11/IMG_1039.JPG,3/12/2022,11:16AM,N/A,,,,,,
Cam 11,1040,Cam 11/IMG_1040.JPG,3/12/2022,11:16AM,N/A,,,,,,
Cam 11,1041,Cam 11/IMG_1041.JPG,3/12/2022,11:16AM,N/A,,,,,,
Cam 11,1042,Cam 11/IMG_1042.JPG,3/12/2022,11:16AM,N/A,,,,,,
Cam 11,1043,Cam 11/IMG_1043.JPG,3/12/2022,11:16AM,N/A,,,,,,
Cam 11,1044,Cam 11/IMG_1044.JPG,3/12/2022,11:16AM,N/A,,,,,,
Cam 11,1045,Cam 11/IMG_1045.JPG,3/12/2022,11:17AM,N/A,,,,,,
Cam 11,1046,Cam 11/IMG_1046.JPG,3/12/2022,11:17AM,N/A,,,,,,
Cam 11,1047,Cam 11/IMG_1047.JPG,3/12/2022,11:17AM,N/A,,,,,,
Cam 11,1048,Cam 11/IMG_1048.JPG,3/12/2022,11:17AM,N/A,,,,,,
Cam 11,1049,Cam 11/IMG_1049.JPG,3/12/2022,11:17AM,N/A,,,,,,
Cam 11,1050,Cam 11/IMG_1050.JPG,3/12/2022,11:17AM,N/A,,,,,,
Cam 11,1051,Cam 11/IMG_1051.JPG,3/12/2022,11:17AM,N/A,,,,,,
Cam 11,1052,Cam 11/IMG_1052.JPG,3/12/2022,11:17AM,N/A,,,,,,
Cam 11,1053,Cam 11/IMG_1053.JPG,3/12/2022,11:17AM,N/A,,,,,,
Cam 11,1054,Cam 11/IMG_1054.JPG,3/12/2022,11:17AM,N/A,,,,,,
Cam 11,1055,Cam 11/IMG_1055.JPG,3/12/2022,11:17AM,N/A,,,,,,
Cam 11,1056,Cam 11/IMG_1056.JPG,3/12/2022,11:17AM,N/A,,,,,,
Cam 11,1057,Cam 11/IMG_1057.JPG,3/12/2022,11:17AM,N/A,,,,,,
Cam 11,1058,Cam 11/IMG_1058.JPG,3/12/2022,11:17AM,N/A,,,,,,
Cam 11,1059,Cam 11/IMG_1059.JPG,3/12/2022,11:17AM,N/A,,,,,,
Cam 11,1060,Cam 11/IMG_1060.JPG,3/12/2022,11:17AM,N/A,,,,,,
Cam 11,1061,Cam 11/IMG_1061.JPG,3/12/2022,11:17AM,N/A,,,,,,
Cam 11,1062,Cam 11/IMG_1062.JPG,3/12/2022,11:17AM,N/A,,,,,,
Cam 11,1063,Cam 11/IMG_1063.JPG,3/12/2022,11:17AM,N/A,,,,,,
Cam 11,1064,Cam 11/IMG_1064.JPG,3/12/2022,11:17AM,N/A,,,,,,
Cam 11,1065,Cam 11/IMG_1065.JPG,3/12/2022,11:17AM,N/A,,,,,,
Cam 11,1066,Cam 11/IMG_1066.JPG,3/12/2022,11:18AM,N/A,,,,,,
Cam 11,1067,Cam 11/IMG_1067.JPG,3/12/2022,11:18AM,N/A,,,,,,
Cam 11,1068,Cam 11/IMG_1068.JPG,3/12/2022,11:18AM,N/A,,,,,,
Cam 11,1069,Cam 11/IMG_1069.JPG,3/12/2022,11:18AM,N/A,,,,,,
Cam 11,1070,Cam 11/IMG_1070.JPG,3/12/2022,11:18AM,N/A,,,,,,
Cam 11,1071,Cam 11/IMG_1071.JPG,3/12/2022,11:18AM,N/A,,,,,,
Cam 11,1072,Cam 11/IMG_1072.JPG,3/12/2022,11:18AM,N/A,,,,,,
Cam 11,1073,Cam 11/IMG_1073.JPG,3/12/2022,11:18AM,N/A,,,,,,
Cam 11,1074,Cam 11/IMG_1074.JPG,3/12/2022,11:18AM,N/A,,,,,,
Cam 11,1075,Cam 11/IMG_1075.JPG,3/12/2022,11:18AM,N/A,,,,,,
Cam 11,1076,Cam 11/IMG_1076.JPG,3/12/2022,11:18AM,N/A,,,,,,
Cam 11,1077,Cam 11/IMG_1077.JPG,3/12/2022,11:18AM,N/A,,,,,,
Cam 11,1078,Cam 11/IMG_1078.JPG,3/12/2022,11:18AM,N/A,,,,,,
Cam 11,1079,Cam 11/IMG_1079.JPG,3/12/2022,11:18AM,N/A,,,,,,
Cam 11,1080,Cam 11/IMG_1080.JPG,3/12/2022,11:18AM,N/A,,,,,,
Cam 11,1081,Cam 11/IMG_1081.JPG,3/12/2022,11:18AM,N/A,,,,,,
Cam 11,1082,Cam 11/IMG_1082.JPG,3/12/2022,11:18AM,N/A,,,,,,
Cam 11,1083,Cam 11/IMG_1083.JPG,3/12/2022,11:18AM,N/A,,,,,,
Cam 11,1084,Cam 11/IMG_1084.JPG,3/12/2022,11:18AM,N/A,,,,,,
Cam 11,1085,Cam 11/IMG_1085.JPG,3/12/2022,11:18AM,N/A,,,,,,
Cam 11,1086,Cam 11/IMG_1086.JPG,3/12/2022,11:18AM,N/A,,,,,,
Cam 11,1087,Cam 11/IMG_1087.JPG,3/12/2022,11:18AM,N/A,,,,,,
Cam 11,1088,Cam 11/IMG_1088.JPG,3/12/2022,11:18AM,N/A,,,,,,
Cam 11,1089,Cam 11/IMG_1089.JPG,3/12/2022,11:18AM,N/A,,,,,,
Cam 11,1090,Cam 11/IMG_1090.JPG,3/12/2022,11:18AM,N/A,,,,,,
Cam 11,1091,Cam 11/IMG_1091.JPG,3/12/2022,11:18AM,N/A,,,,,,
Cam 11,1092,Cam 11/IMG_1092.JPG,3/12/2022,11:18AM,N/A,,,,,,
Cam 11,1093,Cam 11/IMG_1093.JPG,3/12/2022,11:24AM,N/A,,,,,,
Cam 11,1094,Cam 11/IMG_1094.JPG,3/12/2022,11:24AM,N/A,,,,,,
Cam 11,1095,Cam 11/IMG_1095.JPG,3/12/2022,11:24AM,N/A,,,,,,
Cam 11,1096,Cam 11/IMG_1096.JPG,3/12/2022,11:25AM,N/A,,,,,,
Cam 11,1097,Cam 11/IMG_1097.JPG,3/12/2022,11:25AM,N/A,,,,,,
Cam 11,1098,Cam 11/IMG_1098.JPG,3/12/2022,11:25AM,N/A,,,,,,
Cam 11,1099,Cam 11/IMG_1099.JPG,3/12/2022,11:51AM,N/A,,,,,,
Cam 11,1100,Cam 11/IMG_1100.JPG,3/12/2022,11:51AM,N/A,,,,,,
Cam 11,1101,Cam 11/IMG_1101.JPG,3/12/2022,11:51AM,N/A,,,,,,
Cam 11,1102,Cam 11/IMG_1102.JPG,3/12/2022,01:19PM,N/A,,,,,,
Cam 11,1103,Cam 11/IMG_1103.JPG,3/12/2022,01:19PM,N/A,,,,,,
Cam 11,1104,Cam 11/IMG_1104.JPG,3/12/2022,01:19PM,N/A,,,,,,
Cam 11,1105,Cam 11/IMG_1105.JPG,3/12/2022,01:19PM,N/A,,,,,,
Cam 11,1106,Cam 11/IMG_1106.JPG,3/12/2022,01:19PM,N/A,,,,,,
Cam 11,1107,Cam 11/IMG_1107.JPG,3/12/2022,01:19PM,N/A,,,,,,
Cam 11,1108,Cam 11/IMG_1108.JPG,3/12/2022,01:20PM,N/A,,,,,,
Cam 11,1109,Cam 11/IMG_1109.JPG,3/12/2022,01:20PM,N/A,,,,,,
Cam 11,1110,Cam 11/IMG_1110.JPG,3/12/2022,01:20PM,N/A,,,,,,
Cam 11,1111,Cam 11/IMG_1111.JPG,3/12/2022,01:56PM,N/A,,,,,,
Cam 11,1112,Cam 11/IMG_1112.JPG,3/12/2022,01:56PM,N/A,,,,,,
Cam 11,1113,Cam 11/IMG_1113.JPG,3/12/2022,01:56PM,N/A,,,,,,
Cam 11,1114,Cam 11/IMG_1114.JPG,3/12/2022,01:56PM,N/A,,,,,,
Cam 11,1115,Cam 11/IMG_1115.JPG,3/12/2022,01:56PM,N/A,,,,,,
Cam 11,1116,Cam 11/IMG_1116.JPG,3/12/2022,01:56PM,N/A,,,,,,
Cam 11,1117,Cam 11/IMG_1117.JPG,3/12/2022,01:57PM,N/A,,,,,,
Cam 11,1118,Cam 11/IMG_1118.JPG,3/12/2022,01:57PM,N/A,,,,,,
Cam 11,1119,Cam 11/IMG_1119.JPG,3/12/2022,01:57PM,N/A,,,,,,
Cam 11,1120,Cam 11/IMG_1120.JPG,3/12/2022,01:57PM,N/A,,,,,,
Cam 11,1121,Cam 11/IMG_1121.JPG,3/12/2022,01:57PM,N/A,,,,,,
Cam 11,1122,Cam 11/IMG_1122.JPG,3/12/2022,01:57PM,N/A,,,,,,
Cam 11,1123,Cam 11/IMG_1123.JPG,3/12/2022,01:57PM,N/A,,,,,,
Cam 11,1124,Cam 11/IMG_1124.JPG,3/12/2022,01:57PM,N/A,,,,,,
Cam 11,1125,Cam 11/IMG_1125.JPG,3/12/2022,01:57PM,N/A,,,,,,
Cam 11,1126,Cam 11/IMG_1126.JPG,3/12/2022,01:57PM,N/A,,,,,,
Cam 11,1127,Cam 11/IMG_1127.JPG,3/12/2022,01:57PM,N/A,,,,,,
Cam 11,1128,Cam 11/IMG_1128.JPG,3/12/2022,01:57PM,N/A,,,,,,
Cam 11,1129,Cam 11/IMG_1129.JPG,3/12/2022,01:58PM,N/A,,,,,,
Cam 11,1130,Cam 11/IMG_1130.JPG,3/12/2022,01:58PM,N/A,,,,,,
Cam 11,1131,Cam 11/IMG_1131.JPG,3/12/2022,01:58PM,N/A,,,,,,
Cam 11,1132,Cam 11/IMG_1132.JPG,3/12/2022,01:58PM,N/A,,,,,,
Cam 11,1133,Cam 11/IMG_1133.JPG,3/12/2022,01:58PM,N/A,,,,,,
Cam 11,1134,Cam 11/IMG_1134.JPG,3/12/2022,01:58PM,N/A,,,,,,
Cam 11,1135,Cam 11/IMG_1135.JPG,3/12/2022,01:58PM,N/A,,,,,,
Cam 11,1136,Cam 11/IMG_1136.JPG,3/12/2022,01:58PM,N/A,,,,,,
Cam 11,1137,Cam 11/IMG_1137.JPG,3/12/2022,01:58PM,N/A,,,,,,
Cam 11,1138,Cam 11/IMG_1138.JPG,3/12/2022,01:59PM,N/A,,,,,,
Cam 11,1139,Cam 11/IMG_1139.JPG,3/12/2022,01:59PM,N/A,,,,,,
Cam 11,1140,Cam 11/IMG_1140.JPG,3/12/2022,01:59PM,N/A,,,,,,
Cam 11,1141,Cam 11/IMG_1141.JPG,3/12/2022,01:59PM,N/A,,,,,,
Cam 11,1142,Cam 11/IMG_1142.JPG,3/12/2022,01:59PM,N/A,,,,,,
Cam 11,1143,Cam 11/IMG_1143.JPG,3/12/2022,01:59PM,N/A,,,,,,
Cam 11,1144,Cam 11/IMG_1144.JPG,3/12/2022,01:59PM,N/A,,,,,,
Cam 11,1145,Cam 11/IMG_1145.JPG,3/12/2022,01:59PM,N/A,,,,,,
Cam 11,1146,Cam 11/IMG_1146.JPG,3/12/2022,01:59PM,N/A,,,,,,
Cam 11,1147,Cam 11/IMG_1147.JPG,3/12/2022,01:59PM,N/A,,,,,,
Cam 11,1148,Cam 11/IMG_1148.JPG,3/12/2022,01:59PM,N/A,,,,,,
Cam 11,1149,Cam 11/IMG_1149.JPG,3/12/2022,01:59PM,N/A,,,,,,
Cam 11,1150,Cam 11/IMG_1150.JPG,3/12/2022,02:02PM,N/A,,,,,,
Cam 11,1151,Cam 11/IMG_1151.JPG,3/12/2022,02:02PM,N/A,,,,,,
Cam 11,1152,Cam 11/IMG_1152.JPG,3/12/2022,02:02PM,N/A,,,,,,
Cam 11,1153,Cam 11/IMG_1153.JPG,3/12/2022,02:02PM,N/A,,,,,,
Cam 11,1154,Cam 11/IMG_1154.JPG,3/12/2022,02:02PM,N/A,,,,,,
Cam 11,1155,Cam 11/IMG_1155.JPG,3/12/2022,02:02PM,N/A,,,,,,
Cam 11,1156,Cam 11/IMG_1156.JPG,3/12/2022,02:02PM,N/A,,,,,,
Cam 11,1157,Cam 11/IMG_1157.JPG,3/12/2022,02:02PM,N/A,,,,,,
Cam 11,1158,Cam 11/IMG_1158.JPG,3/12/2022,02:02PM,N/A,,,,,,
Cam 11,1159,Cam 11/IMG_1159.JPG,3/12/2022,02:02PM,N/A,,,,,,
Cam 11,1160,Cam 11/IMG_1160.JPG,3/12/2022,02:02PM,N/A,,,,,,
Cam 11,1161,Cam 11/IMG_1161.JPG,3/12/2022,02:02PM,N/A,,,,,,
Cam 11,1162,Cam 11/IMG_1162.JPG,3/12/2022,02:02PM,N/A,,,,,,
Cam 11,1163,Cam 11/IMG_1163.JPG,3/12/2022,02:02PM,N/A,,,,,,
Cam 11,1164,Cam 11/IMG_1164.JPG,3/12/2022,02:02PM,N/A,,,,,,
Cam 11,1165,Cam 11/IMG_1165.JPG,3/12/2022,02:24PM,N/A,,,,,,
Cam 11,1166,Cam 11/IMG_1166.JPG,3/12/2022,02:24PM,N/A,,,,,,
Cam 11,1167,Cam 11/IMG_1167.JPG,3/12/2022,02:24PM,N/A,,,,,,
Cam 11,1168,Cam 11/IMG_1168.JPG,3/12/2022,02:24PM,N/A,,,,,,
Cam 11,1169,Cam 11/IMG_1169.JPG,3/12/2022,02:24PM,N/A,,,,,,
Cam 11,1170,Cam 11/IMG_1170.JPG,3/12/2022,02:24PM,N/A,,,,,,
Cam 11,1171,Cam 11/IMG_1171.JPG,3/12/2022,02:24PM,N/A,,,,,,
Cam 11,1172,Cam 11/IMG_1172.JPG,3/12/2022,02:24PM,N/A,,,,,,
Cam 11,1173,Cam 11/IMG_1173.JPG,3/12/2022,02:24PM,N/A,,,,,,
Cam 11,1174,Cam 11/IMG_1174.JPG,3/12/2022,02:25PM,N/A,,,,,,
Cam 11,1175,Cam 11/IMG_1175.JPG,3/12/2022,02:25PM,N/A,,,,,,
Cam 11,1176,Cam 11/IMG_1176.JPG,3/12/2022,02:25PM,N/A,,,,,,
Cam 11,1177,Cam 11/IMG_1177.JPG,3/12/2022,02:25PM,N/A,,,,,,
Cam 11,1178,Cam 11/IMG_1178.JPG,3/12/2022,02:25PM,N/A,,,,,,
Cam 11,1179,Cam 11/IMG_1179.JPG,3/12/2022,02:25PM,N/A,,,,,,
Cam 11,1180,Cam 11/IMG_1180.JPG,3/12/2022,02:51PM,N/A,,,,,,
Cam 11,1181,Cam 11/IMG_1181.JPG,3/12/2022,02:51PM,N/A,,,,,,
Cam 11,1182,Cam 11/IMG_1182.JPG,3/12/2022,02:51PM,N/A,,,,,,
Cam 11,1183,Cam 11/IMG_1183.JPG,3/12/2022,04:18PM,N/A,,,,,,
Cam 11,1184,Cam 11/IMG_1184.JPG,3/12/2022,04:18PM,N/A,,,,,,
Cam 11,1185,Cam 11/IMG_1185.JPG,3/12/2022,04:18PM,N/A,,,,,,
Cam 11,1186,Cam 11/IMG_1186.JPG,3/12/2022,05:40PM,N/A,,,,,,
Cam 11,1187,Cam 11/IMG_1187.JPG,3/12/2022,05:40PM,N/A,,,,,,
Cam 11,1188,Cam 11/IMG_1188.JPG,3/12/2022,05:40PM,N/A,,,,,,
Cam 11,1189,Cam 11/IMG_1189.JPG,3/12/2022,05:40PM,N/A,,,,,,
Cam 11,1190,Cam 11/IMG_1190.JPG,3/12/2022,05:40PM,N/A,,,,,,
Cam 11,1191,Cam 11/IMG_1191.JPG,3/12/2022,05:40PM,N/A,,,,,,
Cam 11,1192,Cam 11/IMG_1192.JPG,3/12/2022,10:56PM,N/A,,,,,,
Cam 11,1193,Cam 11/IMG_1193.JPG,3/12/2022,10:56PM,N/A,,,,,,
Cam 11,1194,Cam 11/IMG_1194.JPG,3/12/2022,10:56PM,N/A,,,,,,
Cam 11,1195,Cam 11/IMG_1195.JPG,4/12/2022,07:41AM,N/A,,,,,,
Cam 11,1196,Cam 11/IMG_1196.JPG,4/12/2022,07:41AM,N/A,,,,,,
Cam 11,1197,Cam 11/IMG_1197.JPG,4/12/2022,07:41AM,N/A,,,,,,
Cam 11,1198,Cam 11/IMG_1198.JPG,4/12/2022,07:56AM,N/A,,,,,,
Cam 11,1199,Cam 11/IMG_1199.JPG,4/12/2022,07:56AM,N/A,,,,,,
Cam 11,1200,Cam 11/IMG_1200.JPG,4/12/2022,07:56AM,N/A,,,,,,
Cam 11,1201,Cam 11/IMG_1201.JPG,4/12/2022,08:43AM,N/A,,,,,,
Cam 11,1202,Cam 11/IMG_1202.JPG,4/12/2022,08:43AM,N/A,,,,,,
Cam 11,1203,Cam 11/IMG_1203.JPG,4/12/2022,08:43AM,N/A,,,,,,
Cam 11,1204,Cam 11/IMG_1204.JPG,4/12/2022,08:45AM,N/A,,,,,,
Cam 11,1205,Cam 11/IMG_1205.JPG,4/12/2022,08:45AM,N/A,,,,,,
Cam 11,1206,Cam 11/IMG_1206.JPG,4/12/2022,08:45AM,N/A,,,,,,
Cam 11,1207,Cam 11/IMG_1207.JPG,4/12/2022,10:43AM,N/A,,,,,,
Cam 11,1208,Cam 11/IMG_1208.JPG,4/12/2022,10:43AM,N/A,,,,,,
Cam 11,1209,Cam 11/IMG_1209.JPG,4/12/2022,10:43AM,N/A,,,,,,
Cam 11,1210,Cam 11/IMG_1210.JPG,4/12/2022,10:43AM,N/A,,,,,,
Cam 11,1211,Cam 11/IMG_1211.JPG,4/12/2022,10:43AM,N/A,,,,,,
Cam 11,1212,Cam 11/IMG_1212.JPG,4/12/2022,10:43AM,N/A,,,,,,
Cam 11,1213,Cam 11/IMG_1213.JPG,4/12/2022,10:43AM,N/A,,,,,,
Cam 11,1214,Cam 11/IMG_1214.JPG,4/12/2022,10:43AM,N/A,,,,,,
Cam 11,1215,Cam 11/IMG_1215.JPG,4/12/2022,10:43AM,N/A,,,,,,
Cam 11,1216,Cam 11/IMG_1216.JPG,4/12/2022,10:58AM,N/A,,,,,,
Cam 11,1217,Cam 11/IMG_1217.JPG,4/12/2022,10:58AM,N/A,,,,,,
Cam 11,1218,Cam 11/IMG_1218.JPG,4/12/2022,10:58AM,N/A,,,,,,
Cam 11,1219,Cam 11/IMG_1219.JPG,4/12/2022,11:04AM,N/A,,,,,,
Cam 11,1220,Cam 11/IMG_1220.JPG,4/12/2022,11:04AM,N/A,,,,,,
Cam 11,1221,Cam 11/IMG_1221.JPG,4/12/2022,11:04AM,N/A,,,,,,
Cam 11,1222,Cam 11/IMG_1222.JPG,4/12/2022,11:04AM,N/A,,,,,,
Cam 11,1223,Cam 11/IMG_1223.JPG,4/12/2022,11:04AM,N/A,,,,,,
Cam 11,1224,Cam 11/IMG_1224.JPG,4/12/2022,11:04AM,N/A,,,,,,
Cam 11,1225,Cam 11/IMG_1225.JPG,4/12/2022,11:06AM,N/A,,,,,,
Cam 11,1226,Cam 11/IMG_1226.JPG,4/12/2022,11:06AM,N/A,,,,,,
Cam 11,1227,Cam 11/IMG_1227.JPG,4/12/2022,11:06AM,N/A,,,,,,
Cam 11,1228,Cam 11/IMG_1228.JPG,4/12/2022,11:06AM,N/A,,,,,,
Cam 11,1229,Cam 11/IMG_1229.JPG,4/12/2022,11:06AM,N/A,,,,,,
Cam 11,1230,Cam 11/IMG_1230.JPG,4/12/2022,11:06AM,N/A,,,,,,
Cam 11,1231,Cam 11/IMG_1231.JPG,4/12/2022,11:06AM,N/A,,,,,,
Cam 11,1232,Cam 11/IMG_1232.JPG,4/12/2022,11:06AM,N/A,,,,,,
Cam 11,1233,Cam 11/IMG_1233.JPG,4/12/2022,11:06AM,N/A,,,,,,
Cam 11,1234,Cam 11/IMG_1234.JPG,4/12/2022,11:07AM,N/A,,,,,,
Cam 11,1235,Cam 11/IMG_1235.JPG,4/12/2022,11:07AM,N/A,,,,,,
Cam 11,1236,Cam 11/IMG_1236.JPG,4/12/2022,11:07AM,N/A,,,,,,
Cam 11,1237,Cam 11/IMG_1237.JPG,4/12/2022,11:07AM,N/A,,,,,,
Cam 11,1238,Cam 11/IMG_1238.JPG,4/12/2022,11:07AM,N/A,,,,,,
Cam 11,1239,Cam 11/IMG_1239.JPG,4/12/2022,11:07AM,N/A,,,,,,
Cam 11,1240,Cam 11/IMG_1240.JPG,4/12/2022,11:09AM,N/A,,,,,,
Cam 11,1241,Cam 11/IMG_1241.JPG,4/12/2022,11:09AM,N/A,,,,,,
Cam 11,1242,Cam 11/IMG_1242.JPG,4/12/2022,11:09AM,N/A,,,,,,
Cam 11,1243,Cam 11/IMG_1243.JPG,4/12/2022,11:54AM,N/A,,,,,,
Cam 11,1244,Cam 11/IMG_1244.JPG,4/12/2022,11:54AM,N/A,,,,,,
Cam 11,1245,Cam 11/IMG_1245.JPG,4/12/2022,11:54AM,N/A,,,,,,
Cam 11,1246,Cam 11/IMG_1246.JPG,4/12/2022,01:38PM,N/A,,,,,,
Cam 11,1247,Cam 11/IMG_1247.JPG,4/12/2022,01:38PM,N/A,,,,,,
Cam 11,1248,Cam 11/IMG_1248.JPG,4/12/2022,01:38PM,N/A,,,,,,
Cam 11,1249,Cam 11/IMG_1249.JPG,4/12/2022,01:38PM,N/A,,,,,,
Cam 11,1250,Cam 11/IMG_1250.JPG,4/12/2022,01:38PM,N/A,,,,,,
Cam 11,1251,Cam 11/IMG_1251.JPG,4/12/2022,01:38PM,N/A,,,,,,
Cam 11,1252,Cam 11/IMG_1252.JPG,4/12/2022,01:38PM,N/A,,,,,,
Cam 11,1253,Cam 11/IMG_1253.JPG,4/12/2022,01:38PM,N/A,,,,,,
Cam 11,1254,Cam 11/IMG_1254.JPG,4/12/2022,01:38PM,N/A,,,,,,
Cam 11,1255,Cam 11/IMG_1255.JPG,4/12/2022,01:39PM,N/A,,,,,,
Cam 11,1256,Cam 11/IMG_1256.JPG,4/12/2022,01:39PM,N/A,,,,,,
Cam 11,1257,Cam 11/IMG_1257.JPG,4/12/2022,01:39PM,N/A,,,,,,
Cam 11,1258,Cam 11/IMG_1258.JPG,4/12/2022,01:39PM,N/A,,,,,,
Cam 11,1259,Cam 11/IMG_1259.JPG,4/12/2022,01:39PM,N/A,,,,,,
Cam 11,1260,Cam 11/IMG_1260.JPG,4/12/2022,01:39PM,N/A,,,,,,
Cam 11,1261,Cam 11/IMG_1261.JPG,4/12/2022,01:41PM,N/A,,,,,,
Cam 11,1262,Cam 11/IMG_1262.JPG,4/12/2022,01:41PM,N/A,,,,,,
Cam 11,1263,Cam 11/IMG_1263.JPG,4/12/2022,01:41PM,N/A,,,,,,
Cam 11,1264,Cam 11/IMG_1264.JPG,4/12/2022,01:44PM,N/A,,,,,,
Cam 11,1265,Cam 11/IMG_1265.JPG,4/12/2022,01:44PM,N/A,,,,,,
Cam 11,1266,Cam 11/IMG_1266.JPG,4/12/2022,01:44PM,N/A,,,,,,
Cam 11,1267,Cam 11/IMG_1267.JPG,4/12/2022,01:44PM,N/A,,,,,,
Cam 11,1268,Cam 11/IMG_1268.JPG,4/12/2022,01:44PM,N/A,,,,,,
Cam 11,1269,Cam 11/IMG_1269.JPG,4/12/2022,01:44PM,N/A,,,,,,
Cam 11,1270,Cam 11/IMG_1270.JPG,4/12/2022,01:44PM,N/A,,,,,,
Cam 11,1271,Cam 11/IMG_1271.JPG,4/12/2022,01:44PM,N/A,,,,,,
Cam 11,1272,Cam 11/IMG_1272.JPG,4/12/2022,01:44PM,N/A,,,,,,
Cam 11,1273,Cam 11/IMG_1273.JPG,4/12/2022,01:45PM,N/A,,,,,,
Cam 11,1274,Cam 11/IMG_1274.JPG,4/12/2022,01:45PM,N/A,,,,,,
Cam 11,1275,Cam 11/IMG_1275.JPG,4/12/2022,01:45PM,N/A,,,,,,
Cam 11,1276,Cam 11/IMG_1276.JPG,4/12/2022,01:45PM,N/A,,,,,,
Cam 11,1277,Cam 11/IMG_1277.JPG,4/12/2022,01:45PM,N/A,,,,,,
Cam 11,1278,Cam 11/IMG_1278.JPG,4/12/2022,01:45PM,N/A,,,,,,
Cam 11,1279,Cam 11/IMG_1279.JPG,4/12/2022,01:46PM,N/A,,,,,,
Cam 11,1280,Cam 11/IMG_1280.JPG,4/12/2022,01:46PM,N/A,,,,,,
Cam 11,1281,Cam 11/IMG_1281.JPG,4/12/2022,01:46PM,N/A,,,,,,
Cam 11,1282,Cam 11/IMG_1282.JPG,4/12/2022,01:46PM,N/A,,,,,,
Cam 11,1283,Cam 11/IMG_1283.JPG,4/12/2022,01:46PM,N/A,,,,,,
Cam 11,1284,Cam 11/IMG_1284.JPG,4/12/2022,01:46PM,N/A,,,,,,
Cam 11,1285,Cam 11/IMG_1285.JPG,4/12/2022,01:46PM,N/A,,,,,,
Cam 11,1286,Cam 11/IMG_1286.JPG,4/12/2022,01:46PM,N/A,,,,,,
Cam 11,1287,Cam 11/IMG_1287.JPG,4/12/2022,01:46PM,N/A,,,,,,
Cam 11,1288,Cam 11/IMG_1288.JPG,4/12/2022,02:00PM,N/A,,,,,,
Cam 11,1289,Cam 11/IMG_1289.JPG,4/12/2022,02:00PM,N/A,,,,,,
Cam 11,1290,Cam 11/IMG_1290.JPG,4/12/2022,02:00PM,N/A,,,,,,
Cam 11,1291,Cam 11/IMG_1291.JPG,4/12/2022,02:07PM,N/A,,,,,,
Cam 11,1292,Cam 11/IMG_1292.JPG,4/12/2022,02:07PM,N/A,,,,,,
Cam 11,1293,Cam 11/IMG_1293.JPG,4/12/2022,02:07PM,N/A,,,,,,
Cam 11,1294,Cam 11/IMG_1294.JPG,4/12/2022,02:07PM,N/A,,,,,,
Cam 11,1295,Cam 11/IMG_1295.JPG,4/12/2022,02:07PM,N/A,,,,,,
Cam 11,1296,Cam 11/IMG_1296.JPG,4/12/2022,02:07PM,N/A,,,,,,
Cam 11,1297,Cam 11/IMG_1297.JPG,4/12/2022,02:21PM,N/A,,,,,,
Cam 11,1298,Cam 11/IMG_1298.JPG,4/12/2022,02:21PM,N/A,,,,,,
Cam 11,1299,Cam 11/IMG_1299.JPG,4/12/2022,02:21PM,N/A,,,,,,
Cam 11,1300,Cam 11/IMG_1300.JPG,4/12/2022,02:23PM,N/A,,,,,,
Cam 11,1301,Cam 11/IMG_1301.JPG,4/12/2022,02:23PM,N/A,,,,,,
Cam 11,1302,Cam 11/IMG_1302.JPG,4/12/2022,02:23PM,N/A,,,,,,
Cam 11,1303,Cam 11/IMG_1303.JPG,4/12/2022,02:23PM,N/A,,,,,,
Cam 11,1304,Cam 11/IMG_1304.JPG,4/12/2022,02:23PM,N/A,,,,,,
Cam 11,1305,Cam 11/IMG_1305.JPG,4/12/2022,02:23PM,N/A,,,,,,
Cam 11,1306,Cam 11/IMG_1306.JPG,4/12/2022,02:23PM,N/A,,,,,,
Cam 11,1307,Cam 11/IMG_1307.JPG,4/12/2022,02:23PM,N/A,,,,,,
Cam 11,1308,Cam 11/IMG_1308.JPG,4/12/2022,02:23PM,N/A,,,,,,
Cam 11,1309,Cam 11/IMG_1309.JPG,4/12/2022,03:22PM,N/A,,,,,,
Cam 11,1310,Cam 11/IMG_1310.JPG,4/12/2022,03:22PM,N/A,,,,,,
Cam 11,1311,Cam 11/IMG_1311.JPG,4/12/2022,03:22PM,N/A,,,,,,
Cam 11,1312,Cam 11/IMG_1312.JPG,4/12/2022,03:22PM,N/A,,,,,,
Cam 11,1313,Cam 11/IMG_1313.JPG,4/12/2022,03:22PM,N/A,,,,,,
Cam 11,1314,Cam 11/IMG_1314.JPG,4/12/2022,03:22PM,N/A,,,,,,
Cam 11,1315,Cam 11/IMG_1315.JPG,4/12/2022,03:22PM,N/A,,,,,,
Cam 11,1316,Cam 11/IMG_1316.JPG,4/12/2022,03:22PM,N/A,,,,,,
Cam 11,1317,Cam 11/IMG_1317.JPG,4/12/2022,03:22PM,N/A,,,,,,
Cam 11,1318,Cam 11/IMG_1318.JPG,4/12/2022,03:22PM,N/A,,,,,,
Cam 11,1319,Cam 11/IMG_1319.JPG,4/12/2022,03:22PM,N/A,,,,,,
Cam 11,1320,Cam 11/IMG_1320.JPG,4/12/2022,03:22PM,N/A,,,,,,
Cam 11,1321,Cam 11/IMG_1321.JPG,4/12/2022,03:23PM,N/A,,,,,,
Cam 11,1322,Cam 11/IMG_1322.JPG,4/12/2022,03:23PM,N/A,,,,,,
Cam 11,1323,Cam 11/IMG_1323.JPG,4/12/2022,03:23PM,N/A,,,,,,
Cam 11,1324,Cam 11/IMG_1324.JPG,4/12/2022,03:23PM,N/A,,,,,,
Cam 11,1325,Cam 11/IMG_1325.JPG,4/12/2022,03:23PM,N/A,,,,,,
Cam 11,1326,Cam 11/IMG_1326.JPG,4/12/2022,03:23PM,N/A,,,,,,
Cam 11,1327,Cam 11/IMG_1327.JPG,4/12/2022,03:23PM,N/A,,,,,,
Cam 11,1328,Cam 11/IMG_1328.JPG,4/12/2022,03:23PM,N/A,,,,,,
Cam 11,1329,Cam 11/IMG_1329.JPG,4/12/2022,03:23PM,N/A,,,,,,
Cam 11,1330,Cam 11/IMG_1330.JPG,4/12/2022,03:34PM,N/A,,,,,,
Cam 11,1331,Cam 11/IMG_1331.JPG,4/12/2022,03:34PM,N/A,,,,,,
Cam 11,1332,Cam 11/IMG_1332.JPG,4/12/2022,03:34PM,N/A,,,,,,
Cam 11,1333,Cam 11/IMG_1333.JPG,12/26/2022,10:24AM,N/A,,,,,,
Cam 11,1334,Cam 11/IMG_1334.JPG,12/26/2022,10:24AM,N/A,,,,,,
Cam 11,1335,Cam 11/IMG_1335.JPG,12/26/2022,10:24AM,N/A,,,,,,
Cam 11,1336,Cam 11/IMG_1336.JPG,12/26/2022,10:25AM,N/A,,,,,,
Cam 11,1337,Cam 11/IMG_1337.JPG,12/26/2022,10:25AM,N/A,,,,,,
Cam 11,1338,Cam 11/IMG_1338.JPG,12/26/2022,10:25AM,N/A,,,,,,
Cam 11,1339,Cam 11/IMG_1339.JPG,12/26/2022,10:25AM,N/A,,,,,,
Cam 11,1340,Cam 11/IMG_1340.JPG,12/26/2022,10:25AM,N/A,,,,,,
Cam 11,1341,Cam 11/IMG_1341.JPG,12/26/2022,10:25AM,N/A,,,,,,
Cam 11,1342,Cam 11/IMG_1342.JPG,12/26/2022,10:25AM,N/A,,,,,,
Cam 11,1343,Cam 11/IMG_1343.JPG,12/26/2022,10:25AM,N/A,,,,,,
Cam 11,1344,Cam 11/IMG_1344.JPG,12/26/2022,10:25AM,N/A,,,,,,
Cam 11,1345,Cam 11/IMG_1345.JPG,12/26/2022,10:25AM,N/A,,,,,,
Cam 11,1346,Cam 11/IMG_1346.JPG,12/26/2022,10:25AM,N/A,,,,,,
Cam 11,1347,Cam 11/IMG_1347.JPG,12/26/2022,10:26AM,N/A,,,,,,
Cam 11,1348,Cam 11/IMG_1348.JPG,12/26/2022,10:26AM,N/A,,,,,,
Cam 11,1349,Cam 11/IMG_1349.JPG,12/26/2022,10:26AM,N/A,,,,,,
Cam 11,1350,Cam 11/IMG_1350.JPG,12/26/2022,10:26AM,N/A,,,,,,
Cam 11,1351,Cam 11/IMG_1351.JPG,12/26/2022,10:26AM,N/A,,,,,,
Cam 11,1352,Cam 11/IMG_1352.JPG,12/26/2022,10:26AM,N/A,,,,,,
Cam 11,1353,Cam 11/IMG_1353.JPG,12/26/2022,10:26AM,N/A,,,,,,
Cam 11,1354,Cam 11/IMG_1354.JPG,12/26/2022,10:26AM,N/A,,,,,,
Cam 11,1355,Cam 11/IMG_1355.JPG,12/26/2022,10:26AM,N/A,,,,,,
Cam 11,1356,Cam 11/IMG_1356.JPG,12/26/2022,10:26AM,N/A,,,,,,
Cam 11,1357,Cam 11/IMG_1357.JPG,12/26/2022,10:26AM,N/A,,,,,,
Cam 11,1358,Cam 11/IMG_1358.JPG,12/26/2022,10:26AM,N/A,,,,,,
Cam 11,1359,Cam 11/IMG_1359.JPG,12/26/2022,10:26AM,N/A,,,,,,
Cam 11,1360,Cam 11/IMG_1360.JPG,12/26/2022,10:26AM,N/A,,,,,,
Cam 11,1361,Cam 11/IMG_1361.JPG,12/26/2022,10:26AM,N/A,,,,,,
Cam 11,1362,Cam 11/IMG_1362.JPG,12/26/2022,10:26AM,N/A,,,,,,
Cam 11,1363,Cam 11/IMG_1363.JPG,12/26/2022,10:26AM,N/A,,,,,,
Cam 11,1364,Cam 11/IMG_1364.JPG,12/26/2022,10:26AM,N/A,,,,,,
Cam 11,1365,Cam 11/IMG_1365.JPG,12/26/2022,10:26AM,N/A,,,,,,
Cam 11,1366,Cam 11/IMG_1366.JPG,12/26/2022,10:26AM,N/A,,,,,,
Cam 11,1367,Cam 11/IMG_1367.JPG,12/26/2022,10:26AM,N/A,,,,,,
Cam 11,1368,Cam 11/IMG_1368.JPG,12/26/2022,10:26AM,N/A,,,,,,
Cam 11,1369,Cam 11/IMG_1369.JPG,12/26/2022,10:26AM,N/A,,,,,,
Cam 11,1370,Cam 11/IMG_1370.JPG,12/26/2022,10:26AM,N/A,,,,,,
Cam 11,1371,Cam 11/IMG_1371.JPG,12/26/2022,10:27AM,N/A,,,,,,
Cam 11,1372,Cam 11/IMG_1372.JPG,12/26/2022,10:27AM,N/A,,,,,,
Cam 11,1373,Cam 11/IMG_1373.JPG,12/26/2022,10:27AM,N/A,,,,,,
Cam 11,1374,Cam 11/IMG_1374.JPG,12/26/2022,10:27AM,N/A,,,,,,
Cam 11,1375,Cam 11/IMG_1375.JPG,12/26/2022,10:27AM,N/A,,,,,,
Cam 11,1376,Cam 11/IMG_1376.JPG,12/26/2022,10:27AM,N/A,,,,,,
Cam 11,1377,Cam 11/IMG_1377.JPG,12/26/2022,10:27AM,N/A,,,,,,
Cam 11,1378,Cam 11/IMG_1378.JPG,12/26/2022,10:27AM,N/A,,,,,,
Cam 11,1379,Cam 11/IMG_1379.JPG,12/26/2022,10:27AM,N/A,,,,,,
Cam 11,1380,Cam 11/IMG_1380.JPG,12/26/2022,10:27AM,N/A,,,,,,
Cam 11,1381,Cam 11/IMG_1381.JPG,12/26/2022,10:27AM,N/A,,,,,,
Cam 11,1382,Cam 11/IMG_1382.JPG,12/26/2022,10:27AM,N/A,,,,,,
Cam 11,1383,Cam 11/IMG_1383.JPG,12/26/2022,10:27AM,N/A,,,,,,
Cam 11,1384,Cam 11/IMG_1384.JPG,12/26/2022,10:27AM,N/A,,,,,,
Cam 11,1385,Cam 11/IMG_1385.JPG,12/26/2022,10:27AM,N/A,,,,,,
Cam 11,1386,Cam 11/IMG_1386.JPG,12/26/2022,10:27AM,N/A,,,,,,
Cam 11,1387,Cam 11/IMG_1387.JPG,12/26/2022,10:27AM,N/A,,,,,,
Cam 11,1388,Cam 11/IMG_1388.JPG,12/26/2022,10:27AM,N/A,,,,,,
Cam 11,1389,Cam 11/IMG_1389.JPG,12/26/2022,10:27AM,N/A,,,,,,
Cam 11,1390,Cam 11/IMG_1390.JPG,12/26/2022,10:27AM,N/A,,,,,,
Cam 11,1391,Cam 11/IMG_1391.JPG,12/26/2022,10:27AM,N/A,,,,,,
Cam 11,1392,Cam 11/IMG_1392.JPG,12/26/2022,10:27AM,N/A,,,,,,
Cam 11,1393,Cam 11/IMG_1393.JPG,12/26/2022,10:27AM,N/A,,,,,,
Cam 11,1394,Cam 11/IMG_1394.JPG,12/26/2022,10:27AM,N/A,,,,,,
Cam 11,1395,Cam 11/IMG_1395.JPG,12/26/2022,10:27AM,N/A,,,,,,
Cam 11,1396,Cam 11/IMG_1396.JPG,12/26/2022,10:27AM,N/A,,,,,,
Cam 11,1397,Cam 11/IMG_1397.JPG,12/26/2022,10:27AM,N/A,,,,,,
Cam 11,1398,Cam 11/IMG_1398.JPG,12/26/2022,10:27AM,N/A,,,,,,
Cam 11,1399,Cam 11/IMG_1399.JPG,12/26/2022,10:27AM,N/A,,,,,,
Cam 11,1400,Cam 11/IMG_1400.JPG,12/26/2022,10:27AM,N/A,,,,,,
Cam 11,1401,Cam 11/IMG_1401.JPG,12/26/2022,10:27AM,N/A,,,,,,
Cam 11,1402,Cam 11/IMG_1402.JPG,12/26/2022,10:27AM,N/A,,,,,,
Cam 11,1403,Cam 11/IMG_1403.JPG,12/26/2022,10:27AM,N/A,,,,,,
Cam 11,1404,Cam 11/IMG_1404.JPG,12/26/2022,10:27AM,N/A,,,,,,
Cam 11,1405,Cam 11/IMG_1405.JPG,12/26/2022,10:27AM,N/A,,,,,,
Cam 11,1406,Cam 11/IMG_1406.JPG,12/26/2022,10:27AM,N/A,,,,,,
Cam 11,1407,Cam 11/IMG_1407.JPG,12/26/2022,10:27AM,N/A,,,,,,
Cam 11,1408,Cam 11/IMG_1408.JPG,12/26/2022,10:27AM,N/A,,,,,,
Cam 11,1409,Cam 11/IMG_1409.JPG,12/26/2022,10:27AM,N/A,,,,,,
Cam 11,1410,Cam 11/IMG_1410.JPG,12/26/2022,10:27AM,N/A,,,,,,
Cam 11,1411,Cam 11/IMG_1411.JPG,12/26/2022,10:27AM,N/A,,,,,,
Cam 11,1412,Cam 11/IMG_1412.JPG,12/26/2022,10:27AM,N/A,,,,,,
Cam 11,1413,Cam 11/IMG_1413.JPG,12/26/2022,10:27AM,N/A,,,,,,
Cam 11,1414,Cam 11/IMG_1414.JPG,12/26/2022,10:27AM,N/A,,,,,,
Cam 11,1415,Cam 11/IMG_1415.JPG,12/26/2022,10:27AM,N/A,,,,,,
Cam 11,1416,Cam 11/IMG_1416.JPG,12/26/2022,10:27AM,N/A,,,,,,
Cam 11,1417,Cam 11/IMG_1417.JPG,12/26/2022,10:27AM,N/A,,,,,,
Cam 11,1418,Cam 11/IMG_1418.JPG,12/26/2022,10:27AM,N/A,,,,,,
Cam 11,1419,Cam 11/IMG_1419.JPG,12/26/2022,10:27AM,N/A,,,,,,
Cam 11,1420,Cam 11/IMG_1420.JPG,12/26/2022,10:27AM,N/A,,,,,,
Cam 11,1421,Cam 11/IMG_1421.JPG,12/26/2022,10:27AM,N/A,,,,,,
Cam 11,1422,Cam 11/IMG_1422.JPG,12/26/2022,10:27AM,N/A,,,,,,
Cam 11,1423,Cam 11/IMG_1423.JPG,12/26/2022,10:27AM,N/A,,,,,,
Cam 11,1424,Cam 11/IMG_1424.JPG,12/26/2022,10:27AM,N/A,,,,,,
Cam 11,1425,Cam 11/IMG_1425.JPG,12/26/2022,10:27AM,N/A,,,,,,
Cam 11,1426,Cam 11/IMG_1426.JPG,12/26/2022,10:27AM,N/A,,,,,,
Cam 11,1427,Cam 11/IMG_1427.JPG,12/26/2022,10:27AM,N/A,,,,,,
Cam 11,1428,Cam 11/IMG_1428.JPG,12/26/2022,10:27AM,N/A,,,,,,
Cam 11,1429,Cam 11/IMG_1429.JPG,12/26/2022,10:27AM,N/A,,,,,,
Cam 11,1430,Cam 11/IMG_1430.JPG,12/26/2022,10:27AM,N/A,,,,,,
Cam 11,1431,Cam 11/IMG_1431.JPG,12/26/2022,10:27AM,N/A,,,,,,
Cam 11,1432,Cam 11/IMG_1432.JPG,12/26/2022,10:27AM,N/A,,,,,,
Cam 11,1433,Cam 11/IMG_1433.JPG,12/26/2022,10:27AM,N/A,,,,,,
Cam 11,1434,Cam 11/IMG_1434.JPG,12/26/2022,10:27AM,N/A,,,,,,
Cam 11,1435,Cam 11/IMG_1435.JPG,12/26/2022,10:27AM,N/A,,,,,,
Cam 11,1436,Cam 11/IMG_1436.JPG,12/26/2022,10:27AM,N/A,,,,,,
Cam 11,1437,Cam 11/IMG_1437.JPG,12/26/2022,10:27AM,N/A,,,,,,
Cam 11,1438,Cam 11/IMG_1438.JPG,12/26/2022,10:27AM,N/A,,,,,,
Cam 11,1439,Cam 11/IMG_1439.JPG,12/26/2022,10:27AM,N/A,,,,,,
Cam 11,1440,Cam 11/IMG_1440.JPG,12/26/2022,10:27AM,N/A,,,,,,
Cam 11,1441,Cam 11/IMG_1441.JPG,12/26/2022,10:27AM,N/A,,,,,,
Cam 11,1442,Cam 11/IMG_1442.JPG,12/26/2022,10:27AM,N/A,,,,,,
Cam 11,1443,Cam 11/IMG_1443.JPG,12/26/2022,10:28AM,N/A,,,,,,
Cam 11,1444,Cam 11/IMG_1444.JPG,12/26/2022,10:28AM,N/A,,,,,,
Cam 11,1445,Cam 11/IMG_1445.JPG,12/26/2022,10:28AM,N/A,,,,,,
Cam 11,1446,Cam 11/IMG_1446.JPG,12/26/2022,10:28AM,N/A,,,,,,
Cam 11,1447,Cam 11/IMG_1447.JPG,12/26/2022,10:28AM,N/A,,,,,,
Cam 11,1448,Cam 11/IMG_1448.JPG,12/26/2022,10:28AM,N/A,,,,,,
Cam 11,1449,Cam 11/IMG_1449.JPG,12/26/2022,10:30AM,N/A,,,,,,
Cam 11,1450,Cam 11/IMG_1450.JPG,12/26/2022,10:30AM,N/A,,,,,,
Cam 11,1451,Cam 11/IMG_1451.JPG,12/26/2022,10:30AM,N/A,,,,,,
Cam 11,1452,Cam 11/IMG_1452.JPG,12/26/2022,10:30AM,N/A,,,,,,
Cam 11,1453,Cam 11/IMG_1453.JPG,12/26/2022,10:30AM,N/A,,,,,,
Cam 11,1454,Cam 11/IMG_1454.JPG,12/26/2022,10:30AM,N/A,,,,,,
Cam 11,1455,Cam 11/IMG_1455.JPG,12/26/2022,10:30AM,N/A,,,,,,
Cam 11,1456,Cam 11/IMG_1456.JPG,12/26/2022,10:30AM,N/A,,,,,,
Cam 11,1457,Cam 11/IMG_1457.JPG,12/26/2022,10:30AM,N/A,,,,,,
Cam 11,1458,Cam 11/IMG_1458.JPG,12/26/2022,10:30AM,N/A,,,,,,
Cam 11,1459,Cam 11/IMG_1459.JPG,12/26/2022,10:30AM,N/A,,,,,,
Cam 11,1460,Cam 11/IMG_1460.JPG,12/26/2022,10:30AM,N/A,,,,,,
Cam 11,1461,Cam 11/IMG_1461.JPG,12/26/2022,10:30AM,N/A,,,,,,
Cam 11,1462,Cam 11/IMG_1462.JPG,12/26/2022,10:30AM,N/A,,,,,,
Cam 11,1463,Cam 11/IMG_1463.JPG,12/26/2022,10:30AM,N/A,,,,,,
Cam 11,1464,Cam 11/IMG_1464.JPG,12/26/2022,10:30AM,N/A,,,,,,
Cam 11,1465,Cam 11/IMG_1465.JPG,12/26/2022,10:30AM,N/A,,,,,,
Cam 11,1466,Cam 11/IMG_1466.JPG,12/26/2022,10:30AM,N/A,,,,,,
Cam 11,1467,Cam 11/IMG_1467.JPG,12/26/2022,10:30AM,N/A,,,,,,
Cam 11,1468,Cam 11/IMG_1468.JPG,12/26/2022,10:30AM,N/A,,,,,,
Cam 11,1469,Cam 11/IMG_1469.JPG,12/26/2022,10:30AM,N/A,,,,,,
Cam 11,1470,Cam 11/IMG_1470.JPG,12/26/2022,10:30AM,N/A,,,,,,
Cam 11,1471,Cam 11/IMG_1471.JPG,12/26/2022,10:30AM,N/A,,,,,,
Cam 11,1472,Cam 11/IMG_1472.JPG,12/26/2022,10:30AM,N/A,,,,,,
Cam 11,1473,Cam 11/IMG_1473.JPG,12/26/2022,10:30AM,N/A,,,,,,
Cam 11,1474,Cam 11/IMG_1474.JPG,12/26/2022,10:30AM,N/A,,,,,,
Cam 11,1475,Cam 11/IMG_1475.JPG,12/26/2022,10:30AM,N/A,,,,,,
Cam 11,1476,Cam 11/IMG_1476.JPG,12/26/2022,10:30AM,N/A,,,,,,
Cam 11,1477,Cam 11/IMG_1477.JPG,12/26/2022,10:30AM,N/A,,,,,,
Cam 11,1478,Cam 11/IMG_1478.JPG,12/26/2022,10:30AM,N/A,,,,,,
Cam 11,1479,Cam 11/IMG_1479.JPG,12/26/2022,10:30AM,N/A,,,,,,
Cam 11,1480,Cam 11/IMG_1480.JPG,12/26/2022,10:30AM,N/A,,,,,,
Cam 11,1481,Cam 11/IMG_1481.JPG,12/26/2022,10:30AM,N/A,,,,,,
Cam 11,1482,Cam 11/IMG_1482.JPG,12/26/2022,10:31AM,N/A,,,,,,
Cam 11,1483,Cam 11/IMG_1483.JPG,12/26/2022,10:31AM,N/A,,,,,,
Cam 11,1484,Cam 11/IMG_1484.JPG,12/26/2022,10:31AM,N/A,,,,,,
Cam 11,1485,Cam 11/IMG_1485.JPG,12/26/2022,10:31AM,N/A,,,,,,
Cam 11,1486,Cam 11/IMG_1486.JPG,12/26/2022,10:31AM,N/A,,,,,,
Cam 11,1487,Cam 11/IMG_1487.JPG,12/26/2022,10:31AM,N/A,,,,,,
Cam 11,1488,Cam 11/IMG_1488.JPG,12/26/2022,10:31AM,N/A,,,,,,
Cam 11,1489,Cam 11/IMG_1489.JPG,12/26/2022,10:31AM,N/A,,,,,,
Cam 11,1490,Cam 11/IMG_1490.JPG,12/26/2022,10:31AM,N/A,,,,,,
Cam 11,1491,Cam 11/IMG_1491.JPG,12/26/2022,10:31AM,N/A,,,,,,
Cam 11,1492,Cam 11/IMG_1492.JPG,12/26/2022,10:31AM,N/A,,,,,,
Cam 11,1493,Cam 11/IMG_1493.JPG,12/26/2022,10:31AM,N/A,,,,,,
Cam 11,1494,Cam 11/IMG_1494.JPG,12/26/2022,10:31AM,N/A,,,,,,
Cam 11,1495,Cam 11/IMG_1495.JPG,12/26/2022,10:31AM,N/A,,,,,,
Cam 11,1496,Cam 11/IMG_1496.JPG,12/26/2022,10:31AM,N/A,,,,,,
Cam 11,1497,Cam 11/IMG_1497.JPG,12/26/2022,10:31AM,N/A,,,,,,
Cam 11,1498,Cam 11/IMG_1498.JPG,12/26/2022,10:31AM,N/A,,,,,,
Cam 11,1499,Cam 11/IMG_1499.JPG,12/26/2022,10:31AM,N/A,,,,,,
Cam 11,1500,Cam 11/IMG_1500.JPG,12/26/2022,10:31AM,N/A,,,,,,
Cam 11,1501,Cam 11/IMG_1501.JPG,12/26/2022,10:31AM,N/A,,,,,,
Cam 11,1502,Cam 11/IMG_1502.JPG,12/26/2022,10:31AM,N/A,,,,,,
Cam 11,1503,Cam 11/IMG_1503.JPG,12/26/2022,10:31AM,N/A,,,,,,
Cam 11,1504,Cam 11/IMG_1504.JPG,12/26/2022,10:31AM,N/A,,,,,,
Cam 11,1505,Cam 11/IMG_1505.JPG,12/26/2022,10:31AM,N/A,,,,,,
Cam 11,1506,Cam 11/IMG_1506.JPG,12/26/2022,10:31AM,N/A,,,,,,
Cam 11,1507,Cam 11/IMG_1507.JPG,12/26/2022,10:31AM,N/A,,,,,,
Cam 11,1508,Cam 11/IMG_1508.JPG,12/26/2022,10:31AM,N/A,,,,,,
Cam 11,1509,Cam 11/IMG_1509.JPG,12/26/2022,10:31AM,N/A,,,,,,
Cam 11,1510,Cam 11/IMG_1510.JPG,12/26/2022,10:31AM,N/A,,,,,,
Cam 11,1511,Cam 11/IMG_1511.JPG,12/26/2022,10:31AM,N/A,,,,,,
Cam 11,1512,Cam 11/IMG_1512.JPG,12/26/2022,10:31AM,N/A,,,,,,
Cam 11,1513,Cam 11/IMG_1513.JPG,12/26/2022,10:31AM,N/A,,,,,,
Cam 11,1514,Cam 11/IMG_1514.JPG,12/26/2022,10:31AM,N/A,,,,,,
Cam 11,1515,Cam 11/IMG_1515.JPG,12/26/2022,10:31AM,N/A,,,,,,
Cam 11,1516,Cam 11/IMG_1516.JPG,12/26/2022,10:31AM,N/A,,,,,,
Cam 11,1517,Cam 11/IMG_1517.JPG,12/26/2022,10:31AM,N/A,,,,,,
Cam 11,1518,Cam 11/IMG_1518.JPG,12/26/2022,10:31AM,N/A,,,,,,
Cam 11,1519,Cam 11/IMG_1519.JPG,12/26/2022,10:31AM,N/A,,,,,,
Cam 11,1520,Cam 11/IMG_1520.JPG,12/26/2022,10:31AM,N/A,,,,,,
Cam 11,1521,Cam 11/IMG_1521.JPG,12/26/2022,10:31AM,N/A,,,,,,
Cam 11,1522,Cam 11/IMG_1522.JPG,12/26/2022,10:31AM,N/A,,,,,,
Cam 11,1523,Cam 11/IMG_1523.JPG,12/26/2022,10:31AM,N/A,,,,,,
Cam 11,1524,Cam 11/IMG_1524.JPG,12/26/2022,10:31AM,N/A,,,,,,
Cam 11,1525,Cam 11/IMG_1525.JPG,12/26/2022,10:31AM,N/A,,,,,,
Cam 11,1526,Cam 11/IMG_1526.JPG,12/26/2022,10:31AM,N/A,,,,,,
Cam 11,1527,Cam 11/IMG_1527.JPG,12/26/2022,10:31AM,N/A,,,,,,
Cam 11,1528,Cam 11/IMG_1528.JPG,12/26/2022,10:31AM,N/A,,,,,,
Cam 11,1529,Cam 11/IMG_1529.JPG,12/26/2022,10:31AM,N/A,,,,,,
Cam 11,1530,Cam 11/IMG_1530.JPG,12/26/2022,10:31AM,N/A,,,,,,
Cam 11,1531,Cam 11/IMG_1531.JPG,12/26/2022,10:31AM,N/A,,,,,,
Cam 11,1532,Cam 11/IMG_1532.JPG,12/26/2022,10:31AM,N/A,,,,,,
Cam 11,1533,Cam 11/IMG_1533.JPG,12/26/2022,10:34AM,N/A,,,,,,
Cam 11,1534,Cam 11/IMG_1534.JPG,12/26/2022,10:34AM,N/A,,,,,,
Cam 11,1535,Cam 11/IMG_1535.JPG,12/26/2022,10:34AM,N/A,,,,,,
Cam 11,1536,Cam 11/IMG_1536.JPG,12/26/2022,10:34AM,N/A,,,,,,
Cam 11,1537,Cam 11/IMG_1537.JPG,12/26/2022,10:34AM,N/A,,,,,,
Cam 11,1538,Cam 11/IMG_1538.JPG,12/26/2022,10:34AM,N/A,,,,,,
Cam 11,1539,Cam 11/IMG_1539.JPG,12/26/2022,10:34AM,N/A,,,,,,
Cam 11,1540,Cam 11/IMG_1540.JPG,12/26/2022,10:34AM,N/A,,,,,,
Cam 11,1541,Cam 11/IMG_1541.JPG,12/26/2022,10:34AM,N/A,,,,,,
Cam 11,1542,Cam 11/IMG_1542.JPG,12/26/2022,10:34AM,N/A,,,,,,
Cam 11,1543,Cam 11/IMG_1543.JPG,12/26/2022,10:34AM,N/A,,,,,,
Cam 11,1544,Cam 11/IMG_1544.JPG,12/26/2022,10:34AM,N/A,,,,,,
Cam 11,1545,Cam 11/IMG_1545.JPG,12/26/2022,10:34AM,N/A,,,,,,
Cam 11,1546,Cam 11/IMG_1546.JPG,12/26/2022,10:34AM,N/A,,,,,,
Cam 11,1547,Cam 11/IMG_1547.JPG,12/26/2022,10:34AM,N/A,,,,,,
Cam 11,1548,Cam 11/IMG_1548.JPG,12/26/2022,10:34AM,N/A,,,,,,
Cam 11,1549,Cam 11/IMG_1549.JPG,12/26/2022,10:34AM,N/A,,,,,,
Cam 11,1550,Cam 11/IMG_1550.JPG,12/26/2022,10:34AM,N/A,,,,,,
Cam 11,1551,Cam 11/IMG_1551.JPG,12/26/2022,10:34AM,N/A,,,,,,
Cam 11,1552,Cam 11/IMG_1552.JPG,12/26/2022,10:34AM,N/A,,,,,,
Cam 11,1553,Cam 11/IMG_1553.JPG,12/26/2022,10:34AM,N/A,,,,,,
Cam 11,1554,Cam 11/IMG_1554.JPG,12/26/2022,10:34AM,N/A,,,,,,
Cam 11,1555,Cam 11/IMG_1555.JPG,12/26/2022,10:34AM,N/A,,,,,,
Cam 11,1556,Cam 11/IMG_1556.JPG,12/26/2022,10:34AM,N/A,,,,,,
Cam 11,1557,Cam 11/IMG_1557.JPG,12/26/2022,10:34AM,N/A,,,,,,
Cam 11,1558,Cam 11/IMG_1558.JPG,12/26/2022,10:34AM,N/A,,,,,,
Cam 11,1559,Cam 11/IMG_1559.JPG,12/26/2022,10:34AM,N/A,,,,,,
Cam 11,1560,Cam 11/IMG_1560.JPG,12/26/2022,10:34AM,N/A,,,,,,
Cam 11,1561,Cam 11/IMG_1561.JPG,12/26/2022,10:34AM,N/A,,,,,,
Cam 11,1562,Cam 11/IMG_1562.JPG,12/26/2022,10:34AM,N/A,,,,,,
Cam 11,1563,Cam 11/IMG_1563.JPG,12/26/2022,10:34AM,N/A,,,,,,
Cam 11,1564,Cam 11/IMG_1564.JPG,12/26/2022,10:34AM,N/A,,,,,,
Cam 11,1565,Cam 11/IMG_1565.JPG,12/26/2022,10:34AM,N/A,,,,,,
Cam 11,1566,Cam 11/IMG_1566.JPG,12/26/2022,10:34AM,N/A,,,,,,
Cam 11,1567,Cam 11/IMG_1567.JPG,12/26/2022,10:34AM,N/A,,,,,,
Cam 11,1568,Cam 11/IMG_1568.JPG,12/26/2022,10:34AM,N/A,,,,,,
Cam 11,1569,Cam 11/IMG_1569.JPG,12/26/2022,10:34AM,N/A,,,,,,
Cam 11,1570,Cam 11/IMG_1570.JPG,12/26/2022,10:34AM,N/A,,,,,,
Cam 11,1571,Cam 11/IMG_1571.JPG,12/26/2022,10:34AM,N/A,,,,,,
Cam 11,1572,Cam 11/IMG_1572.JPG,12/26/2022,10:34AM,N/A,,,,,,
Cam 11,1573,Cam 11/IMG_1573.JPG,12/26/2022,10:34AM,N/A,,,,,,
Cam 11,1574,Cam 11/IMG_1574.JPG,12/26/2022,10:34AM,N/A,,,,,,
Cam 11,1575,Cam 11/IMG_1575.JPG,12/26/2022,10:34AM,N/A,,,,,,
Cam 11,1576,Cam 11/IMG_1576.JPG,12/26/2022,10:34AM,N/A,,,,,,
Cam 11,1577,Cam 11/IMG_1577.JPG,12/26/2022,10:34AM,N/A,,,,,,
Cam 11,1578,Cam 11/IMG_1578.JPG,12/26/2022,10:34AM,N/A,,,,,,
Cam 11,1579,Cam 11/IMG_1579.JPG,12/26/2022,10:34AM,N/A,,,,,,
Cam 11,1580,Cam 11/IMG_1580.JPG,12/26/2022,10:34AM,N/A,,,,,,
Cam 11,1581,Cam 11/IMG_1581.JPG,12/26/2022,10:34AM,N/A,,,,,,
Cam 11,1582,Cam 11/IMG_1582.JPG,12/26/2022,10:34AM,N/A,,,,,,
Cam 11,1583,Cam 11/IMG_1583.JPG,12/26/2022,10:34AM,N/A,,,,,,
Cam 11,1584,Cam 11/IMG_1584.JPG,12/26/2022,10:34AM,N/A,,,,,,
Cam 11,1585,Cam 11/IMG_1585.JPG,12/26/2022,10:34AM,N/A,,,,,,
Cam 11,1586,Cam 11/IMG_1586.JPG,12/26/2022,10:34AM,N/A,,,,,,
Cam 11,1587,Cam 11/IMG_1587.JPG,12/26/2022,10:34AM,N/A,,,,,,
Cam 11,1588,Cam 11/IMG_1588.JPG,12/26/2022,10:34AM,N/A,,,,,,
Cam 11,1589,Cam 11/IMG_1589.JPG,12/26/2022,10:34AM,N/A,,,,,,
Cam 11,1590,Cam 11/IMG_1590.JPG,12/26/2022,10:34AM,N/A,,,,,,
Cam 11,1591,Cam 11/IMG_1591.JPG,12/26/2022,10:34AM,N/A,,,,,,
Cam 11,1592,Cam 11/IMG_1592.JPG,12/26/2022,10:34AM,N/A,,,,,,
Cam 11,1593,Cam 11/IMG_1593.JPG,12/26/2022,10:34AM,N/A,,,,,,
Cam 11,1594,Cam 11/IMG_1594.JPG,12/26/2022,10:34AM,N/A,,,,,,
Cam 11,1595,Cam 11/IMG_1595.JPG,12/26/2022,10:34AM,N/A,,,,,,
Cam 11,1596,Cam 11/IMG_1596.JPG,12/26/2022,10:34AM,N/A,,,,,,
Cam 11,1597,Cam 11/IMG_1597.JPG,12/26/2022,10:34AM,N/A,,,,,,
Cam 11,1598,Cam 11/IMG_1598.JPG,12/26/2022,10:34AM,N/A,,,,,,
Cam 11,1599,Cam 11/IMG_1599.JPG,12/26/2022,10:34AM,N/A,,,,,,
Cam 11,1600,Cam 11/IMG_1600.JPG,12/26/2022,10:34AM,N/A,,,,,,
Cam 11,1601,Cam 11/IMG_1601.JPG,12/26/2022,10:34AM,N/A,,,,,,
Cam 11,1602,Cam 11/IMG_1602.JPG,12/26/2022,10:34AM,N/A,,,,,,
Cam 11,1603,Cam 11/IMG_1603.JPG,12/26/2022,10:34AM,N/A,,,,,,
Cam 11,1604,Cam 11/IMG_1604.JPG,12/26/2022,10:34AM,N/A,,,,,,
Cam 11,1605,Cam 11/IMG_1605.JPG,12/26/2022,10:34AM,N/A,,,,,,
Cam 11,1606,Cam 11/IMG_1606.JPG,12/26/2022,10:34AM,N/A,,,,,,
Cam 11,1607,Cam 11/IMG_1607.JPG,12/26/2022,10:34AM,N/A,,,,,,
Cam 11,1608,Cam 11/IMG_1608.JPG,12/26/2022,10:35AM,N/A,,,,,,
Cam 11,1609,Cam 11/IMG_1609.JPG,12/26/2022,10:35AM,N/A,,,,,,
Cam 11,1610,Cam 11/IMG_1610.JPG,12/26/2022,10:35AM,N/A,,,,,,
Cam 11,1611,Cam 11/IMG_1611.JPG,12/26/2022,10:35AM,N/A,,,,,,
Cam 11,1612,Cam 11/IMG_1612.JPG,12/26/2022,10:35AM,N/A,,,,,,
Cam 11,1613,Cam 11/IMG_1613.JPG,12/26/2022,10:35AM,N/A,,,,,,
Cam 11,1614,Cam 11/IMG_1614.JPG,12/26/2022,10:35AM,N/A,,,,,,
Cam 11,1615,Cam 11/IMG_1615.JPG,12/26/2022,10:35AM,N/A,,,,,,
Cam 11,1616,Cam 11/IMG_1616.JPG,12/26/2022,10:36AM,N/A,,,,,,
Cam 11,1617,Cam 11/IMG_1617.JPG,12/26/2022,10:36AM,N/A,,,,,,
Cam 11,1618,Cam 11/IMG_1618.JPG,12/26/2022,10:36AM,N/A,,,,,,